zip_code,city,zillow_county,pop_total,qol_score,qol_rank,score_economic_security,score_housing_affordability,score_education,score_health_environment,score_flood_climate_risk,score_mobility
08550,Princeton Junction,Mercer County,20876,100.0,1,89.15274027339898,88.51080008990212,93.53090405904058,100.0,76.5723644070518,52.0156414791297
07078,Short Hills,Essex County,14183,99.7003697240777,2,92.53509725212164,78.78005686506249,100.0,98.44698948748203,96.24318989340703,59.83043439832315
07423,Ho Ho Kus,Bergen County,4230,98.25995935027028,3,100.0,89.35082030231979,89.57564575645756,94.13613909588356,30.606251622232925,52.48309193903979
07046,Mountain Lakes,Morris County,4535,97.73632719062252,4,98.3880407662095,73.15404889115659,93.45018450184502,97.72022372479904,99.99999999999999,47.79387678497658
07945,Mendham,Morris County,9771,97.67931922419892,5,96.31642350039829,83.36516934371765,85.96632841328413,94.57665453931699,86.9456755730024,36.847239991440006
07021,Essex Fells,Essex County,2320,97.53708467547975,6,95.33502185938677,77.03696685722697,90.08302583025828,95.76080279868896,99.99999999999999,56.95288258144706
07739,Little Silver,Monmouth County,6096,96.47713699924742,7,91.13163559831698,94.81528075538634,88.12269372693727,90.10329788792372,44.0200933049599,47.108563509213056
08502,Belle Mead,Somerset County,12081,95.33150746728505,8,88.35747684683348,87.93379129588,84.83625461254611,93.9023779691832,79.34688971251127,39.274563703288386
07090,Westfield,Union County,30760,94.12006805651772,9,89.59131224666487,81.41359618993555,84.55950184501845,91.11906936082255,95.0720855083271,56.77581144248412
07704,Fair Haven,Monmouth County,6182,93.67141806123962,10,94.28056251821268,76.65674876613593,89.5871771217712,89.02273471026939,97.22322731251823,43.86514296150348
08535,Millstone Township,Monmouth County,4971,93.24528541180919,11,92.32848744966972,93.5117156916782,61.888837638376366,82.43601217935677,99.99999999999999,26.24399785371746
07928,Chatham,Morris County,19667,92.97793503011583,12,88.21308455633624,75.51811735840444,92.25092250922509,96.01571490222288,89.94705443698733,55.82052411249626
07649,Oradell,Bergen County,8197,92.97191579010817,13,88.55817471947313,83.2421531547741,79.07057195571954,91.3091650117958,87.76517781377767,58.87208845245352
08534,Pennington,Mercer County,13174,92.77946663022595,14,85.5642063181085,85.01404165036003,79.04750922509224,91.6184961056018,88.86062119556733,60.16332311318965
07641,Haworth,Bergen County,3321,92.36025995537614,15,91.50491852241917,83.66730826632234,76.40682656826567,90.23824747959017,82.96912751677853,42.99164160337766
07028,Glen Ridge,Essex County,8002,92.2941416139315,16,89.49387741925854,81.14292347168049,91.47832103321034,93.16874152795133,52.919463087248324,66.29029921396487
08515,Chesterfield Township,Burlington County,8167,91.13677280569567,17,87.56348795505004,87.54691842273752,73.76614391143912,84.15966075805115,94.67785234899327,40.74285892319255
07620,Alpine,Bergen County,1503,91.10120266894872,18,85.58606938189098,76.60226425746846,89.32195571955718,94.66894645371586,99.99999999999999,32.74978529114837
07043,Montclair,Essex County,13502,90.68509328779126,19,89.23553329285878,80.03004642346144,93.53090405904058,95.84608514069116,36.21249506514015,56.331723634698896
07924,Bernardsville,Somerset County,7756,90.36935296887043,20,92.45265432783964,88.03025178025044,76.19926199261992,85.8421819816225,47.350797430901345,48.335388216375925
07418,Glenwood,Sussex County,2523,89.70646121524135,21,88.21053916132367,99.73889903084681,52.64068265682656,72.90387637405581,99.99999999999999,25.687106170442565
07922,Berkeley Heights,Union County,11971,89.67547784033488,22,85.30094407395478,87.46385058595372,80.31595940959409,92.3250667195831,49.99520613614573,43.52935003895046
07039,Livingston,Essex County,31128,89.47285840536787,23,88.8607632887815,79.7789227909032,80.32749077490774,93.20309438663814,64.21934518411028,51.20083846885303
07045,Montville,Morris County,10206,89.20095248417677,24,82.79290990015632,83.82624673619348,74.0890221402214,92.62166580117886,89.66573271649182,38.52570835039802
08536,Plainsboro,Middlesex County,20558,89.04735937352861,25,75.34847172026298,83.7220907041853,87.4769372693727,92.83828402758772,88.49265372755305,52.505652999336206
07041,Millburn,Essex County,7610,88.64521538654108,26,82.82256183734367,74.58158291094809,89.94464944649447,95.44849650326155,81.48818208345492,56.78597695486104
07058,Pine Brook,Morris County,5933,88.13680415343812,27,78.51395530797629,85.12813585622212,69.52260147601476,91.67830799436665,98.35609338965044,48.8695432134182
07670,Tenafly,Bergen County,15252,88.02141286955737,28,79.57008234577312,81.23821127127542,87.46540590405903,94.27636726247098,75.18507843702392,36.87894201530519
08558,Skillman,Somerset County,7236,87.91473155039637,29,90.86685769633145,69.28060008781438,86.45064575645755,93.07055261511171,87.12383632820956,41.31333784058126
07417,Franklin Lakes,Bergen County,11035,87.64182951291818,30,93.3873873562168,71.09102483025889,87.05027675276752,92.742204353487,61.98465963566635,43.46566622466817
08061,Mount Royal,Gloucester County,4411,87.45156814720474,31,87.35354318367095,98.61989487733307,51.4529520295203,76.49110576887738,67.248322147651,44.756315923835665
07082,Towaco,Morris County,5688,87.21121808375084,32,86.01153915136042,82.03727661372535,80.17758302583026,92.46996347982868,51.40647796906915,40.00744465006392
07059,Warren Township,Somerset County,16433,87.12932592943264,33,88.96272157543078,80.36322646003272,74.6309963099631,87.73650256731547,69.58772770853308,43.964063069334244
07676,Township of Washington,Bergen County,9276,87.02866809690246,34,81.96199199199867,91.48591851567278,63.8261070110701,87.289892832449,67.66290034831366,41.18989862266811
08853,Branchburg Township,Somerset County,5415,86.84780732735807,35,80.30214428283719,84.35226957298465,81.69972324723247,88.53628658877383,77.04171601526517,30.430649396180442
08540,Princeton,Mercer County,49499,86.83582636434866,36,76.69121241346024,79.24377279828319,91.1669741697417,92.04097466767081,72.56137211036538,62.93427697998403
08020,Clarksboro,Gloucester County,2522,86.57469035440776,37,86.1798637854112,97.89254217754913,38.24953874538744,77.61616156193024,99.99999999999999,26.180101337524146
07450,Ridgewood,Bergen County,26076,86.46667320775558,38,88.7123672869631,78.42203131537589,89.10285977859778,92.12904461750428,27.178338347604726,51.70541546098488
07079,South Orange,Essex County,18369,86.14366617357139,39,79.40417296550068,75.39035192168906,83.91374538745387,88.1294456349349,99.99999999999999,62.52616030354405
07302,Jersey City,Hudson County,55448,85.99868167168891,40,79.0535506513374,83.44191457542381,88.4571033210332,92.46557062125287,19.875817887273556,91.407853459555
07030,Hoboken,Hudson County,58340,85.87268017901437,41,79.89622370530508,83.8726984483255,91.9511070110701,91.18093179969895,12.511548853830728,86.21741573574907
07930,Chester,Morris County,8205,85.8192869695164,42,78.60457802195707,80.46011694974898,76.130073800738,90.64930069879242,96.32955334413329,34.935398905653095
08867,Pittstown,Hunterdon County,5411,85.57154728745508,43,86.56879847574238,84.95074281690871,66.10931734317343,80.91844109473116,78.71140939597313,45.98043706296746
07310,Jersey City,Hudson County,14577,85.51161760721423,44,76.3104943051557,78.36063801620416,97.14022140221401,97.54064679468824,15.835804588731076,100.0
08820,Edison,Middlesex County,39392,85.17701174951534,45,81.26603909481041,80.25660788417268,78.11346863468634,87.97147928033776,79.06040268456375,42.58404073793759
07746,Marlboro,Monmouth County,18137,85.02181401509954,46,82.08954321662847,80.59175212065456,74.21586715867157,86.61946913946127,86.07288465157123,38.68773881013076
07920,Basking Ridge,Somerset County,28390,84.72750818032031,47,83.71419925802464,78.23550620527088,80.9040590405904,89.25251599532045,62.43189893407026,45.41805908513405
07023,Fanwood,Union County,7714,84.68028636907893,48,86.84739778823972,74.94522263406095,78.25184501845018,89.32681341143403,75.43624161073825,34.37669393450304
08510,Millstone Township,Monmouth County,5383,84.4768983790266,49,87.26118572711816,82.23027575098718,67.26245387453874,82.17648844683482,88.79547862945955,15.19142397950201
07940,Madison,Morris County,17675,84.28894097760215,50,75.64411490262005,75.63757648724159,77.68680811808116,92.36879282459714,98.45734850695457,57.77669207136746
08551,Ringoes,Hunterdon County,5950,84.11946023658838,51,82.11978726857089,83.59361192085576,71.35608856088561,84.10676060118865,75.43624161073825,37.7272399278383
07751,Morganville,Monmouth County,21431,84.05871897500384,52,85.2202268063456,78.7926727424023,70.80258302583024,85.61021330522529,83.47159114594189,34.193770266234644
08738,Mantoloking,Ocean County,1371,83.40272679192793,53,85.76893444237311,86.19894877333056,77.77905904059041,89.18279087879868,7.38762804662663,40.1633451734422
07481,Wyckoff,Bergen County,16866,83.13856412904406,54,83.9212835694982,75.18618326016683,73.78920664206642,89.73776861261268,72.50223713646531,47.32920191493411
08056,Mickleton,Gloucester County,5164,83.11772909886724,55,88.22164019413815,78.7386623167845,60.989391143911426,79.94336804871217,95.16168395363026,39.12639922417453
08525,Hopewell,Mercer County,4567,83.05191285996655,56,86.35180555609227,77.04227802953382,68.94603321033209,90.4518610517128,67.05337168424417,30.593712314404158
07869,Randolph,Morris County,25919,82.93012497610916,57,76.98165877043783,79.842832384595,75.69188191881919,85.69448457838273,92.63087248322147,38.24153893087584
07722,Colts Neck Township,Monmouth County,9977,82.85467391949746,58,80.89699334334613,78.21990010732247,74.73477859778598,85.84246874563267,81.59257203411212,41.80074101775978
08836,Bridgewater Township,Somerset County,4326,82.77471451055452,59,93.70712641042526,59.568311589378155,82.13791512915127,91.07544770264897,89.61532165657226,36.11351016946073
07871,Sparta Township,Sussex County,21167,82.77181048914551,60,80.76657511307842,80.88622974339978,68.10424354243541,85.63268725695058,90.60797473351757,24.6087152950722
08553,Rocky Hill,Somerset County,814,82.71109420791532,61,70.13401105660161,84.64623410690031,79.69326568265681,86.68574246641892,77.5909572589191,54.11740810322219
07974,New Providence,Union County,12737,82.6684446179765,62,81.51262700131424,78.96537519957488,75.74953874538744,89.84677288705629,52.89180119717032,51.38608967063358
08801,Annandale,Hunterdon County,7391,82.59820421262414,63,75.34285658651369,87.67860734431133,67.33164206642066,86.38997224845184,74.30687340893311,31.230163901215505
07901,Summit,Union County,24502,82.58467039924446,64,82.21457650472642,78.28778693654094,79.03597785977858,86.23033397923791,57.59948759363947,51.119250235461585
08033,Haddonfield,Camden County,17364,82.55519679419629,65,72.70728027632795,76.84020057214862,80.55811808118081,89.92810566361457,91.26214564760092,56.13718697917979
07876,Succasunna,Morris County,9667,82.47487935321331,66,80.01436172875286,85.19462532502779,52.45618081180811,83.93467104918929,99.99999999999999,33.974294011655616
07452,Glen Rock,Bergen County,12082,82.22887120479318,67,83.98614494374088,73.20241105253098,83.11808118081181,91.9335510736958,42.795964023193164,56.45585413074362
07950,Morris Plains,Morris County,21576,82.16867322980293,68,75.96348352497982,81.33382648984251,71.29843173431735,89.4523651864973,73.13090506287874,48.02792289344354
08889,Whitehouse Station,Hunterdon County,10539,81.97604833745024,69,75.86733256359531,84.2187190378739,66.2130996309963,83.6267214413731,95.0491649758077,30.31968342877373
07034,Lake Hiawatha,Morris County,10406,81.86487786674734,70,76.33608526257937,85.83434661011347,54.95848708487084,84.47774563442172,93.15919325063405,48.15773559421348
07733,Holmdel Township,Monmouth County,17113,81.60855905238614,71,82.45187828066716,73.22715889423542,73.23570110701107,86.55056961618293,88.05232159978085,42.10624317127186
07936,East Hanover Township,Morris County,11106,81.37318719746148,72,78.74477755937123,89.71317983932072,59.75553505535054,87.9922534112094,39.04284376463242,42.752669522278936
08824,Kendall Park,Middlesex County,13866,81.15800362985202,73,81.2004514578687,80.74976224123863,71.96725092250922,82.48515902352477,66.88441461595824,40.269685061877894
07044,Verona,Essex County,14441,81.07687956286738,74,78.8088194485581,79.09446965810767,74.35424354243541,89.44085985511242,54.486461467252944,47.90302395667936
07946,Millington,Morris County,3098,81.04307624295276,75,72.80356575681391,89.39722317874637,66.87038745387453,88.7056996980821,51.09377834210048,38.043238662022645
07834,Denville,Morris County,18203,80.86814039767236,76,77.28971641767828,76.38870475870019,67.23939114391143,88.51525820023978,92.10489355082449,44.80699242715776
08230,Ocean View,Cape May County,5998,80.8621895873883,77,79.24740238910302,91.60811385666571,46.99031365313652,77.51096307669395,83.79041324566484,36.86894459157609
07934,Far Hills,Somerset County,1406,80.82992513229556,78,92.85014505856239,70.19392088813106,82.81826568265681,85.37571960896258,31.2555928411633,44.38989123892094
08035,Haddon Heights,Camden County,7530,80.7482497586385,79,74.49601306145853,80.8467797351813,59.997693726937264,84.62687333554734,99.99999999999999,58.73015406897577
07836,Flanders,Morris County,12104,80.67727795372306,80,78.32381937435615,84.64889215053512,55.50046125461253,82.37470171683022,92.5157298657718,31.851033846389917
07458,Upper Saddle River,Bergen County,11712,80.6148110423365,81,80.64952610145387,70.61209379865572,82.61070110701107,90.8538900298885,62.07700459201695,52.09193567683855
08886,Stewartsville,Warren County,6493,80.39890347581373,82,76.83592516734133,95.22373049473,54.56642066420663,76.9809682912004,70.19597315436242,14.902987323154845
07675,River Vale,Bergen County,27050,80.35938331440656,83,84.3265257430778,79.84630636121764,71.36761992619925,87.72713592733436,32.02241318028811,42.50497698238894
07092,Mountainside,Union County,6967,80.30157333634638,84,91.5056174371024,65.66076679369775,72.440036900369,89.36406820152386,64.95171059093141,41.174079487673694
07661,River Edge,Bergen County,12024,80.14196032365402,85,78.22951136475247,74.8106899989949,77.75599630996308,90.14866857307848,64.19646125686394,41.72090581253629
07632,Englewood Cliffs,Bergen County,5330,79.5978510057777,86,86.05402158389553,69.6869096303544,84.87084870848707,92.6447791868318,29.03803131991052,37.662824184061215
07960,Morristown,Morris County,46178,79.59745851441804,87,73.11932308070011,78.53907673606666,74.11208487084869,82.80314106505853,90.35360738255034,48.20435569196655
07656,Park Ridge,Bergen County,9218,79.53558661826959,88,84.50585308652528,78.37316589509749,61.70433579335793,85.05971369512557,55.48749237339842,47.26326712974334
07878,Denville,Morris County,712,79.53136768408693,89,78.57724211234276,77.37720726334278,57.21863468634685,86.04853481654207,99.99999999999999,35.74538350929759
07401,Allendale,Bergen County,6820,79.17926347894749,90,82.65972743098116,71.03260716376857,79.20894833948338,90.77878677399421,44.77771610233637,48.6173909713545
07076,Scotch Plains,Union County,24667,79.15681443005637,91,81.57330426936066,78.27267442453214,71.13699261992619,86.7684687238872,43.755616906744905,43.37266074827104
07830,Califon,Hunterdon County,7451,79.13150545960048,92,82.58099651734359,80.37638951701922,70.35285977859778,84.86392311634403,41.94020744356316,31.683277493379187
08840,Metuchen,Middlesex County,17934,79.119644028565,93,74.1147194972156,80.8234585867052,67.59686346863468,80.78647536364538,88.52085800763258,47.933984318380055
07068,Roseland,Essex County,6211,79.02035103158153,94,78.47453966389614,75.74536774787711,72.42850553505535,89.7429300997618,58.605518269947794,41.7076458859736
07760,Rumson,Monmouth County,9557,78.94553541973694,95,84.4542192530924,74.77380512100196,83.07195571955717,86.41006244412792,25.333520193919757,40.88526841863875
08055,Medford Township,Burlington County,28855,78.9313801075865,96,81.61880328982666,76.55790882139739,69.04981549815497,83.9471775726876,67.85713558269087,35.012803546814936
08003,Cherry Hill,Camden County,31929,78.89375288547126,97,74.02837373441432,77.99268888059083,73.40867158671585,86.03526609328738,73.10105880357618,47.6070537223442
08559,Stockton,Hunterdon County,4608,78.8225106634598,98,84.35306496287572,85.88525931378622,68.33487084870849,83.40265965440632,18.01481288416846,18.22689216392734
08844,Hillsborough Township,Somerset County,43708,78.81788142303205,99,78.5392761397945,80.28215707093777,67.20479704797046,84.25203754335698,64.23516778523489,35.221426048074996
07446,Ramsey,Bergen County,14722,78.68621681815989,100,83.52119137107539,74.62782453536995,76.08394833948337,86.74422322751795,39.39372531389486,42.88333576427319
08542,Princeton,Mercer County,2415,78.50396948979794,101,74.15601935163176,68.68006973057041,76.46448339483395,88.87400033818317,99.99999999999999,50.57341542655162
08041,Springfield Township,Burlington County,788,78.47026025811837,102,70.20203934794668,96.40053663953081,44.1190036900369,73.01752449435234,99.99999999999999,30.714717378750155
07054,Parsippany,Morris County,30139,78.4434377890043,103,66.90457308069456,80.0679524071896,66.06319188191881,88.94750987844591,98.1271034659214,43.51047184689463
08807,Bridgewater Township,Somerset County,38438,78.44278941465602,104,81.29808469151546,79.62685902071918,66.51291512915128,84.75995497654989,46.22984847436518,43.54697110200221
07853,Long Valley,Morris County,12360,78.40948931352963,105,84.38732198046092,65.08861474878393,69.37269372693727,88.45774641438929,96.0576684066617,31.118041945265045
07921,Bedminster,Somerset County,7563,78.33184245692904,106,72.52058052004969,82.02955664823489,71.7020295202952,85.1312475674987,62.79663777937056,41.95316545935124
08036,Hainesport Township,Burlington County,6028,78.1774176447455,107,85.19437777930726,83.36384523686301,50.79566420664206,78.24349215501472,61.98465963566635,36.32240272752007
08057,Moorestown Township,Burlington County,20990,78.13813716673036,108,75.16340309350223,77.1219695611059,73.65083025830258,83.88473948760208,69.28859060402684,50.93497527558406
08691,Trenton,Mercer County,16924,78.0335227192967,109,73.07904582929551,73.29375094941476,69.34963099630994,88.77019160366444,95.74228187919462,41.20559672648316
08062,Mullica Hill,Gloucester County,17969,77.90576165969863,110,75.60911614319397,82.85058478452802,58.625461254612546,76.7669942906177,91.36949029566479,44.205109613045956
07006,West Caldwell,Essex County,26417,77.89145937488497,111,77.3871771749963,76.20219915148513,71.02167896678968,89.2422034039388,51.98743395687562,45.721208816668124
08343,Monroeville,Gloucester County,4438,77.891015223118,112,85.22512361340428,91.74095104516229,37.37315498154981,66.71260378916904,81.21594946703513,32.45739165084207
07931,Far Hills,Somerset County,3271,77.8694502912357,113,71.82834360717276,76.85361272262519,75.3920664206642,86.52706329572214,73.38926174496643,47.386971897239796
07640,Harrington Park,Bergen County,4883,77.81084790137737,114,80.21596623597725,69.92488495081447,75.40359778597787,90.19986230274125,62.2299198960814,39.4616975923368
07016,Cranford,Union County,23841,77.77665645504936,115,80.562605497287,75.45097320861562,70.88330258302582,87.40339114192355,46.20854783788398,45.65924226580091
08833,Lebanon Borough,Hunterdon County,8772,77.61765212690217,116,77.73775228209938,81.56033419988553,63.756918819188186,82.93607192924681,61.13987429423671,33.36558581468509
07040,Maplewood,Essex County,25406,77.54531583200898,117,74.02980275673113,75.33840828235554,76.22232472324723,86.20112285423747,63.635147722658765,53.84871562528811
07630,Emerson,Bergen County,7263,77.48134532748031,118,73.18312159396103,76.10892438750625,59.81319188191881,86.84658162841019,99.99999999999999,41.29212345354161
07932,Florham Park,Morris County,11498,76.97831487707113,119,74.28909051961064,73.57049702229627,72.45156826568265,87.8705188485128,66.34524279510461,56.66519470280723
07645,Montvale,Bergen County,8625,76.92603645797735,120,82.03383904075552,75.75048833536377,61.635147601476014,86.0597774480076,49.0273182720484,50.6385351688512
07070,Rutherford,Bergen County,18748,76.88257885939218,121,76.40560200847823,82.27094236472382,63.9760147601476,82.69969936534598,46.96016675447237,50.92251741026358
08560,Titusville,Mercer County,3334,76.84263767823485,122,63.19594164647261,94.23712860940424,53.82841328413284,84.26530138422284,66.91637946671504,39.638992994184335
07927,Cedar Knolls,Morris County,4754,76.79950444728482,123,84.84223820923364,76.2450743006208,60.528136531365305,85.97541699331512,36.13422818791946,47.81903490438546
07821,Byram Township,Sussex County,9036,76.65569017319281,124,77.50405431435156,83.29646166654855,57.27629151291512,80.87253093433185,67.6043186460461,24.58955180040161
08816,East Brunswick,Middlesex County,48965,76.65202688879074,125,75.13403344802835,79.28046709145595,62.94972324723247,79.97376846580136,85.11065835730265,35.579070166295836
08904,Highland Park,Middlesex County,14981,76.5875988570303,126,64.98500267335918,80.4573514047777,77.11023985239851,79.85347935434234,88.46868008948545,52.96603204512893
07463,Waldwick,Bergen County,10090,76.31855318474332,127,83.54368807162214,72.69729565606953,62.038745387453865,84.91403239499002,56.09228187919462,47.77575312728079
08221,Linwood,Atlantic County,6954,76.31201908627479,128,70.34050406936268,85.98169538030393,63.71079335793357,81.74637424226042,58.52395278870632,41.917330054367774
07005,Boonton,Morris County,15240,76.26883914349959,129,71.56987504988513,76.72262255973835,60.25138376383763,84.04728680075031,98.50080347858965,44.23026239754769
07009,Cedar Grove,Essex County,13317,76.25625094865616,130,68.14746382965343,82.17087598454155,63.52629151291513,85.78559862385222,73.09683604985618,45.84311082841611
08822,Flemington,Hunterdon County,32002,76.18479366444302,131,76.53088998971391,79.97017273092732,62.44234317343173,80.97622861566403,67.49032961946638,36.651529403215456
07677,Woodcliff Lake,Bergen County,6097,76.06029267621562,132,74.53741862156818,64.42529864691821,85.44741697416974,93.09539993996964,65.50459855828983,47.909424687504874
07624,Closter,Bergen County,8544,75.97484645084204,133,79.10580367902185,73.5515049461717,72.45156826568265,87.92900776238594,41.56073167522042,42.14181101132948
07024,Fort Lee,Bergen County,39785,75.69697587473098,134,65.65994659080332,75.42184254389143,70.87177121771217,84.2906660608941,99.99999999999999,53.62850371402119
07081,Springfield,Union County,16984,75.67185402188339,135,74.4819945619435,82.14432027996845,70.45664206642066,83.86285317700606,29.58954921120656,47.38826753169409
07020,Edgewater,Bergen County,14544,75.60679873839604,136,72.33591357162945,78.80071029693939,81.51522140221402,89.13490555669493,11.38493073693259,58.52493688590271
08810,Dayton,Middlesex County,8241,75.58869702512249,137,69.5312264238911,76.91711197082225,76.70664206642066,86.15964315785287,65.56257402289775,35.385377079307425
07626,Cresskill,Bergen County,9101,75.54730922921394,138,81.14418303825234,74.22365011770961,63.58394833948339,88.00401472421392,46.467286785195654,32.99791866771457
08648,Lawrence Township,Mercer County,31142,75.37166079656856,139,67.64868507084313,80.55257086577723,65.4750922509225,86.22080919813149,65.76267902857538,52.80017913303029
07648,Norwood,Bergen County,5668,75.0101989359705,140,86.92672972789516,67.58678584575199,65.33671586715866,88.48706353265818,41.23461968680089,37.254695980198775
08690,Trenton,Mercer County,18996,74.85859710567257,141,72.40147917821149,77.50964377930904,48.454797047970466,83.23448360883997,99.99999999999999,48.05288194904281
07627,Demarest,Bergen County,4916,74.84026524280713,142,80.42280563635254,59.983557702926845,82.32241697416974,93.71503426126182,63.154362416107375,29.078392064194087
07866,Rockaway,Morris County,22632,74.64108902716366,143,68.62878726375133,79.84850998165389,54.03597785977859,82.82777288988952,96.27821842586943,42.869623909474484
07981,Whippany,Morris County,8908,74.59031021517244,144,78.56298136295591,75.22444108071987,59.57103321033209,88.10316273557069,41.94020744356316,49.889287319740866
07405,Kinnelon,Morris County,17859,74.49232676387179,145,67.15175364667348,79.67296381098909,61.75046125461254,84.21339638488841,88.72956968022108,32.018130545883366
08802,Asbury,Hunterdon County,4604,74.41092694849779,146,78.45378666366686,80.7043952154356,50.253690036900366,76.74647958928018,76.34601043997017,32.95164872240178
08053,Evesham Township,Burlington County,47612,74.27469585327678,147,74.75903761181735,78.82580997546869,56.99953874538745,80.01549110864258,73.3036966701914,41.61230765061062
08106,Audubon,Camden County,9678,74.18936186957788,148,72.2678280500314,83.32116067254752,46.010147601476014,76.2753032589806,91.81208053691275,46.411043829631254
08225,Northfield,Atlantic County,8427,74.17954577964778,149,74.14746414950422,79.98076082776274,49.13514760147601,76.98375313483155,96.69431822918837,37.47984170499508
07666,Teaneck,Bergen County,41499,74.16251505230935,150,71.8218526985923,79.67827006833316,58.76383763837637,77.66226143430849,79.3589710873504,52.877109719304656
08530,Lambertville,Hunterdon County,8146,74.10376496924731,151,78.29314831234826,77.90938162328138,62.98431734317344,80.68696692382852,45.65412609887512,42.17037607607351
08732,Island Heights,Ocean County,1552,73.94440542178798,152,77.93476076534897,83.36646411775678,58.09501845018449,79.46882634618343,38.49962714392245,28.310308559163314
08054,Mt Laurel Township,Burlington County,45427,73.9296736455756,153,73.79302908673294,80.02885915075876,61.08164206642066,79.99436143169973,59.34470544369873,42.92303019463247
08852,Monmouth Junction,Middlesex County,17333,73.86864194619203,154,68.30557443914061,79.6553202595719,70.53736162361622,83.63958735308864,58.00210016892664,38.7225689499238
07436,Oakland,Bergen County,12676,73.80829600050986,155,78.77066755560139,81.148918657786,58.90221402214021,83.28053388085912,25.2634585177781,38.63590531765215
08043,Voorhees Township,Camden County,31011,73.68088124245676,156,70.69933890437287,76.08581824170307,64.81780442804425,83.50071660840027,74.20985719776483,40.55056529534792
07980,Stirling,Morris County,2591,73.60656128685196,157,73.313005111947,80.11433086576343,64.96771217712175,86.61201466192912,24.058244044114765,51.79862032591785
07069,Watchung,Somerset County,6545,73.58231810647489,158,73.15747537172038,71.06606198588155,68.25415129151291,86.82048632283615,65.31634115074277,49.82579197535621
07750,Monmouth Beach,Monmouth County,3201,73.57458787274291,159,78.47931054220399,73.1287292949916,71.01014760147602,85.19480616261193,27.732710825795163,53.40684789446892
07642,Hillsdale,Bergen County,10086,73.56846818338059,160,83.24425821338777,70.6475421534948,67.76983394833948,85.03732788469247,26.450876211782262,51.32068676463233
08736,Manasquan,Monmouth County,13056,73.52202407453598,161,76.33620139750997,75.42682629722613,76.6720479704797,85.22780332335697,23.791068802536905,35.26949612669235
07435,Newfoundland,Morris County,2430,73.41906895338512,162,68.82809299299743,87.31430802525256,40.37130996309963,79.9162797037988,80.64673581452104,42.684226256849705
08501,Allentown,Monmouth County,6297,73.39964808919119,163,65.23162182566611,84.75256442652923,64.96771217712175,81.29921464923288,59.788217747949275,38.3617659947543
07440,Pequannock,Morris County,4810,73.1592603953681,164,81.01975133720362,86.1364366970127,51.40682656826568,81.45574421155169,2.960596203730398,38.780612950928706
07933,Gillette,Morris County,2920,73.11896536968887,165,78.48810126945595,65.87424828090622,76.1070110701107,86.50045430295158,40.58997970969252,64.07334011122333
08823,Franklin Park,Somerset County,8873,72.90791870929004,166,67.67619040286948,83.52015499591485,63.29566420664206,77.4433901929241,70.43251304996271,29.321114618173326
07410,Fair Lawn,Bergen County,35153,72.68442016533339,167,74.29460854289307,74.72908801818046,70.15682656826569,84.28416202291982,37.64992072283399,47.39464799240616
07726,Manalapan Township,Monmouth County,44698,72.61264207601101,168,75.38996283884438,75.65341709075287,59.23662361623615,80.30702172677033,73.50648966679479,25.029674370384516
07720,Bradley Beach,Monmouth County,4147,72.48605727120578,169,72.95389461984604,67.8756687979609,73.16651291512915,75.76519993449152,99.62387649109493,45.93853744149735
07605,Leonia,Bergen County,9333,72.36278079336348,170,70.32003213545728,73.49966389321187,66.10931734317343,85.75679885739665,64.51901565995526,43.505650120697894
08873,Somerset,Somerset County,55862,72.17488556823751,171,70.800197827034,78.69682301827235,58.95987084870848,76.02683484641196,83.54667287701395,34.893166172310956
07849,Lake Hopatcong,Morris County,8475,71.95284853120035,172,79.00494347428094,70.41761421749736,46.851937269372684,80.41623173646316,97.6985307455106,31.499584073169387
07430,Mahwah Township,Bergen County,25375,71.9487197329047,173,73.12856511703447,75.84302041991297,65.01383763837637,87.04294785340086,32.673891905992825,44.39571880385826
08007,Barrington,Camden County,5460,71.93313313244924,174,71.81083754700563,83.13182118176579,38.68773062730627,75.28825867655053,99.99999999999999,27.09478049800645
07738,Lincroft,Monmouth County,6901,71.91376709065646,175,74.87856496478855,66.9104484360145,68.09271217712175,83.94230496773746,83.19321794418931,28.132398987103993
08034,Cherry Hill,Camden County,20138,71.89833003934278,176,67.28268861573909,77.48024927620646,57.783671586715855,80.87247396966171,83.62416107382549,46.771670641782606
07470,Wayne,Passaic County,54131,71.80074426536146,177,77.06368561692999,78.17751362916363,61.62361623616235,83.11631343532203,21.71984313948772,41.50047489738962
08080,Sewell,Gloucester County,39360,71.77220541196591,178,74.79976236095396,77.21702777010073,46.72509225092251,74.46374441800609,97.14884947267497,35.93871270160789
08750,Sea Girt,Monmouth County,3624,71.72504147281037,179,77.9046277326855,55.53787361422594,78.00968634686345,88.0023389674511,83.36828859060402,46.85975425213542
07094,Secaucus,Hudson County,21437,71.63796056499535,180,69.44267576651937,82.78096826096181,68.4271217712177,83.47556937241552,8.47379299133788,57.21221447419721
08555,Roosevelt,Monmouth County,1059,71.56326180471676,181,77.77600890534123,70.16755085341536,48.88145756457563,80.94478911153959,99.99999999999999,22.30781536572253
08830,Iselin,Middlesex County,19151,71.49951078829768,182,72.70596528958934,76.42876061219637,59.536439114391136,78.40509006884794,68.74294236710342,38.65139834686393
08097,Woodbury Heights,Gloucester County,3207,71.41241488388835,183,75.85176064614966,84.12008918084551,32.64529520295202,68.8160356472259,99.99999999999999,33.710322664774
07465,Wanaque,Passaic County,5969,71.35395316582587,184,73.60926155639939,85.25961960504857,49.07749077490773,77.38883281498941,54.38159156279962,14.372128938316749
07432,Midland Park,Bergen County,6996,71.2368000997393,185,70.1948750529643,82.86299533215931,59.82472324723247,84.38170805391731,22.21476510067115,43.00644433395363
07456,Ringwood,Passaic County,11600,71.1205096022943,186,74.97641633836315,74.5904218105458,54.174354243542425,79.65904619745983,76.63447372728761,27.162288765880152
08108,Collingswood,Camden County,18730,70.96959058076169,187,59.991499346473944,81.09827470745438,62.995848708487074,82.87646250534597,64.84452927775382,60.904320494159876
08876,Somerville,Somerset County,22902,70.91729675319989,188,70.76718134769706,79.53196206372903,61.070110701107,79.26032878527477,49.1794923550487,40.07259314570992
08520,Hightstown,Mercer County,29321,70.91568966054206,189,72.16243008431856,80.44876175563117,48.9160516605166,77.60508285439562,67.32448884033087,39.912457140691366
07438,Oak Ridge,Morris County,11045,70.8715754363057,190,68.70743090457572,81.26217251280751,46.1600553505535,80.78312658644731,90.49616490891658,9.263031526554434
07457,Riverdale,Morris County,4084,70.84867902550886,191,70.74533907982796,75.6259867875609,51.176199261992615,78.44989907845071,94.97119906991492,32.61537679656562
08512,Cranbury Township,Middlesex County,12511,70.84456663229795,192,66.61913871858792,73.36112960476643,59.513376383763834,82.45850782520431,90.87631831255993,42.90352357304507
07828,Budd Lake,Morris County,14723,70.84081324356862,193,68.58942903707396,77.53027755133483,47.22094095940958,79.99353968060232,99.99999999999999,28.657015011211758
08720,Allenwood,Monmouth County,774,70.8274819121693,194,89.28547595801984,58.02035584368414,46.04474169741697,84.041451255137,99.99999999999999,18.002302123271328
07843,Hopatcong,Sussex County,11309,70.67381329596078,195,73.19472923030503,83.22873117437199,34.73247232472324,72.83880882226435,99.99999999999999,19.583932524304487
07803,Mine Hill Township,Morris County,3993,70.61032604722342,196,73.6808104921641,75.30575480530322,40.91328413284132,78.29702416479154,99.99999999999999,35.042836427131505
07747,Matawan,Monmouth County,32246,70.59031913228053,197,68.65359993552634,81.2414507423352,54.76245387453874,75.98747214730886,72.79791200596569,34.48138329412127
07757,Oceanport,Monmouth County,6130,70.52963425486104,198,77.86563786664051,77.70505170975447,55.673431734317326,80.40989553881631,34.63523467213152,29.142011249240692
08887,Branchburg Township,Hunterdon County,1377,70.52837086237528,199,73.15685197746143,78.7904496190761,44.39575645756457,74.90427789094498,99.99999999999999,12.162838222214473
08098,Woodstown,Salem County,9475,70.42131801589595,200,74.71709110198228,85.58187445284786,42.35470479704796,72.16696586031863,56.33109619686801,36.157096423344456
08854,Piscataway,Middlesex County,60405,70.32097874392609,201,66.10415572368944,80.64542053937305,53.63238007380073,78.35165808332982,76.9556493461565,39.32446129554956
07042,Montclair,Essex County,27173,70.20774297917254,202,70.75858283702276,73.10443096152297,73.48939114391143,82.11014224389035,32.26357535082367,57.33307593073272
07719,Wall,Monmouth County,22138,70.16112868606437,203,72.07991654243142,74.19817909946548,56.81503690036899,77.98227675441328,78.56006870447533,34.45522546501894
08223,Marmora,Cape May County,4063,70.16073432104525,204,76.38566189184158,71.90651220364508,53.54012915129151,79.25863011661761,72.44370251763023,35.12415603319907
07086,Weehawken,Hudson County,16946,70.00341212092987,205,71.0582515642755,75.55257378336266,72.33625461254611,79.88266469129474,17.942159853569247,71.38299756757914
07702,Shrewsbury,Monmouth County,4162,69.83063593731697,206,75.58328931079234,61.21719848394773,71.12546125461253,79.06184477453951,88.00642782871726,46.416657367318564
08863,Fords,Middlesex County,13052,69.77259914523465,207,73.2007117951845,81.39717907396206,40.89022140221401,67.18300085619903,99.99999999999999,31.28415965515813
07012,Clifton,Passaic County,15153,69.74685377591689,208,70.26944547690906,74.95635791054308,46.66743542435423,75.5064792775502,99.99999999999999,46.97778656169336
07066,Clark,Union County,15410,69.74284584773538,209,72.69218355632756,79.64587551469647,49.71171586715867,80.67257941450333,46.77852348993289,37.79040162915192
07075,Wood Ridge,Bergen County,10094,69.69422518920588,210,71.70423552498023,80.52075773956548,57.85285977859778,82.01487828630171,22.024348368971438,45.05196120480555
08402,Margate City,Atlantic County,5260,69.6830866898348,211,72.93416283162169,74.19970837906749,65.41743542435422,83.58205753773265,34.400546557890934,35.06099194414844
08730,Brielle,Monmouth County,4960,69.68219130818161,212,74.99378804927053,66.95997345223884,70.98708487084872,84.37474384550217,46.66741393563212,39.00481236601984
08837,Edison,Middlesex County,19954,69.27769225629405,213,66.9427936759491,80.87701950408722,56.56134686346862,75.67723770188375,62.254271978675796,42.67244151022632
08817,Edison,Middlesex County,47924,69.15324477935174,214,63.06750495137164,81.96511446282356,52.08717712177121,75.69466776041698,83.94907851283689,39.23738984534018
07874,Stanhope,Sussex County,8498,69.06376460707615,215,75.93273815457661,77.41822571390432,41.639760147601464,76.96845361492798,69.24981357196123,28.487217987349503
07035,Lincoln Park,Morris County,11085,68.94824006516419,216,59.30987536684512,82.62940774968182,47.78597785977859,80.01051944542604,92.49618869048662,35.427473687459305
07701,Red Bank,Monmouth County,24544,68.94556243370506,217,71.01479056803205,74.4737134817916,57.02260147601475,71.73306223766073,89.53020134228188,34.20166120222511
08002,Cherry Hill,Camden County,23574,68.67364671836843,218,62.52555713649989,83.13171368042931,49.01983394833948,73.76680026777153,85.08442696533149,44.2236024526588
08829,High Bridge,Hunterdon County,3584,68.66334458185888,219,69.74970961399202,78.03104928751755,52.45618081180811,78.65728589410944,64.51901565995526,27.352585894956803
07716,Atlantic Highlands,Monmouth County,8528,68.64229425651226,220,74.23213856600196,75.75820338589148,49.976937269372684,78.37252639007902,57.339983809051255,34.281391209751945
08001,Alloway,Salem County,931,68.63732899494086,221,78.13909307618182,100.0,14.333487084870841,74.05428502638902,12.910311165344714,6.381328901480356
08505,Bordentown Township,Burlington County,18913,68.35150087235266,222,70.68668398333062,78.84167499683268,45.80258302583025,72.90166757086531,79.72515180568871,36.06343444707294
08831,Monroe Township,Middlesex County,54608,67.91622992781934,223,68.95191743464865,73.57989293146626,55.28136531365313,78.78362863787957,74.20423775011395,33.77025390081384
08850,Milltown,Middlesex County,8442,67.8455746263771,224,75.83613329719398,73.93835831642423,48.89298892988929,73.56753160519266,69.58772770853308,32.853007864040954
08619,Trenton,Mercer County,23512,67.68930428205401,225,69.20749206290233,78.48490997340693,48.68542435424354,79.62380801665938,52.40192478156262,39.67392116846301
07838,Great Meadows,Warren County,3495,67.64925144074647,226,74.69726206496075,77.83966742830425,45.214483394833934,70.75769054466507,80.64673581452104,11.28740547808717
07832,Columbia,Warren County,3459,67.43224195606108,227,72.75375360760472,88.21237456444571,37.649907749077485,69.66564333551659,45.52132325741161,23.525594487807247
07748,Middletown,Monmouth County,28288,67.20722662572746,228,74.59458103007425,75.102167571206,55.834870848708476,77.92999157315609,33.22473447579331,36.27547284631491
07717,Avon by the Sea,Monmouth County,1801,67.16846632954575,229,63.50223186911386,62.49696340116735,79.32426199261991,87.19821905208705,71.1059690709776,40.52127017708118
08071,Pitman,Gloucester County,9407,67.01803370540165,230,65.8960456933408,74.55476828295937,47.75138376383763,75.07009859288414,99.99999999999999,35.56883161203551
07857,Netcong,Morris County,3543,67.00767410613336,231,70.38837702947502,74.40123865680599,40.94787822878228,72.71901260429631,99.99999999999999,37.11942332224562
08628,Ewing,Mercer County,9479,66.9654427301066,232,66.01478673698799,81.42890911669006,62.38468634686347,79.76752191363306,14.531027870532606,44.42882373700227
08202,Avalon,Cape May County,1636,66.81158822826791,233,81.00728101284594,55.905451410124435,74.93081180811808,85.3503125492122,28.966086099890145,51.73325544883597
07762,Spring Lake,Monmouth County,8205,66.79380835953455,234,69.66366098827723,59.0031805943067,69.63791512915128,86.02434944327459,76.99613891808845,45.48924731642938
08049,Magnolia,Camden County,5273,66.77498679926993,235,63.94357563892539,83.2473568257445,34.075184501845015,70.62533044429705,99.99999999999999,40.789741492788316
08741,Pine Beach,Ocean County,2769,66.7482849020352,236,76.33245074581994,72.92539622630832,53.82841328413284,77.26659232363887,37.16909023117076,37.5403819281442
08902,North Brunswick,Middlesex County,43146,66.5878065703631,237,63.867436177967164,81.68027216977397,47.970479704797036,66.11369345712681,93.99112361983111,40.231600217797734
07506,Hawthorne,Passaic County,19472,66.48494792428504,238,70.62176296728384,80.68441612439295,48.38560885608855,75.97517451749142,36.13422818791946,36.683176004632685
08826,Glen Gardner,Hunterdon County,5255,66.48331897501551,239,68.53324492037497,77.23843355437168,49.72324723247232,76.1979830471217,66.60613238584024,25.04061077300317
07067,Colonia,Middlesex County,18294,66.44779772426618,240,73.46886130570662,75.59516067626723,49.82702952029519,72.24500050028078,63.012101267134824,27.579694416778985
08827,Hampton,Hunterdon County,4139,66.40974309729027,241,72.74284106806951,77.05625701950817,52.66374538745386,76.1827780973272,44.24416746564397,20.02978648127711
08088,Southampton Township,Burlington County,24153,66.39954814358676,242,70.67775270714013,83.11300986053585,39.27583025830257,73.28510176869504,56.382398950396116,23.14813194920434
08241,Port Republic,Atlantic County,1047,66.28634726844312,243,69.13885206029431,74.94326334911312,35.74723247232472,76.7961123919371,98.80401176381869,25.973932612292295
07052,West Orange,Essex County,48323,66.24034776248656,244,69.1190229926041,75.18140959454227,57.29935424354243,76.16502233961914,46.77852348993289,44.33763671214873
08848,Milford,Hunterdon County,8376,66.1400515652878,245,66.45071831790553,83.30802694837651,50.288284132841326,79.74216366577869,27.559656972408646,27.33570390517683
07064,Port Reading,Middlesex County,3742,66.12094260098756,246,77.64318687921144,81.34595369620548,32.172509225092234,67.98562496200145,59.060402684563755,27.576552179218915
08809,Clinton,Hunterdon County,6838,66.08305311664867,247,69.73303883072073,75.3186491089486,55.60424354243542,79.30488163572869,41.38900688131849,32.27272222875317
07110,Nutley,Essex County,29746,66.04433779887655,248,69.43556670465117,75.90966131079779,54.05904059040589,81.1503758303062,30.497403426441913,43.198724807227656
07826,Branchville,Sussex County,5575,66.00379033765618,249,72.16181661611076,83.6307019715961,39.80627306273062,75.02881320858943,34.951528709917966,25.31460075967195
08009,Berlin,Camden County,14967,65.85848071974291,250,70.79754922934593,83.27529038784047,32.21863468634686,70.20701321750653,73.38926174496643,22.976722543697466
08514,Cream Ridge,Monmouth County,5270,65.80143695202642,251,65.21160926132397,82.12688681626138,42.6891143911439,78.16369085279746,59.301223845242795,21.314077205731515
08090,Wenonah,Gloucester County,9574,65.69161036533166,252,68.08690050337708,80.78727738236199,33.6831180811808,65.88024172405306,99.99999999999999,38.086294347938825
08077,Cinnaminson Township,Burlington County,20677,65.61821079242404,253,70.34953691664076,80.60387932701755,48.43173431734317,75.49460152278513,29.636361578595924,38.159389657319956
07764,West Long Branch,Monmouth County,8576,65.54445252103372,254,69.71749829821383,66.79657890578976,49.04289667896678,79.87018183765572,85.54478415775954,42.76351201111646
07204,Roselle Park,Union County,13965,65.54050971922926,255,69.14560920241166,82.0378042904821,41.132380073800725,72.75638660034681,50.434960807418406,37.7413943311637
07822,Augusta,Sussex County,904,65.36390375472719,256,80.33116508784494,76.72445484045977,28.736162361623613,75.31215017327658,46.77852348993289,26.149827478480987
07480,West Milford,Passaic County,14440,65.32529513387018,257,71.9554534028651,79.3989734531533,42.00876383763838,77.63708273942378,39.74927187539571,22.404177915186796
07848,Lafayette Township,Sussex County,4513,65.30706981622184,258,72.06719837684247,73.70890922147808,39.81780442804427,75.90947195435403,74.95459928938018,28.760664002656178
08022,Mansfield Township,Burlington County,9349,65.18331978202843,259,71.78318021541646,69.622799778878,44.39575645756457,76.50883440881168,84.51738865161684,30.054566798396717
07728,Freehold,Monmouth County,56623,65.13256969791082,260,68.59546340228331,71.15602402524246,49.538745387453865,71.84468283169366,91.58809489810488,37.67332494722324
08051,Mantua,Gloucester County,12156,65.05984408164316,261,64.36493596977479,85.29050438197324,37.31549815498155,70.54911271296038,66.73657718120805,35.442743046770744
08869,Raritan,Somerset County,8192,64.96413020559592,262,65.73724820773202,77.66112120710531,41.98570110701106,73.53331975854239,74.19564775269473,46.33473791214425
07647,Northvale,Bergen County,5301,64.87401110828357,263,71.10027848027923,73.74431841357611,57.57610701107011,82.97355863686549,9.243376898622401,43.23060696956209
07756,Neptune Township,Monmouth County,3033,64.85225362175407,264,62.03297776917636,64.58025972430154,70.30673431734317,76.17621537072556,88.10154301587623,56.5486209543659
07721,Cliffwood,Monmouth County,4445,64.81321614729212,265,70.91528967808242,83.54949574834917,49.74630996309963,61.18875828380426,50.87248322147651,31.041020152355756
07444,Pompton Plains,Morris County,10766,64.37385631566957,266,70.05038898353031,75.76788755129256,52.237084870848705,84.89176744889924,4.7532687049465565,39.7836480144955
07840,Hackettstown,Warren County,31995,64.33729807641332,267,63.9475279311276,77.54264417822344,53.03274907749076,74.22877136960055,64.13953989161253,25.223843382915458
08085,Swedesboro,Gloucester County,21856,64.15429508535159,268,70.43748732058656,74.98785836267099,49.642527675276746,69.18241181567106,60.72425797652801,39.278684033972475
07652,Paramus,Bergen County,26500,64.0558976467563,269,66.40379548987656,70.70396137229623,54.0821033210332,83.43440434627793,41.83570817690289,46.92673987584144
07607,Maywood,Bergen County,10042,64.05514977877388,270,67.94872900955875,77.83862666271794,46.3560885608856,77.00098772907843,35.93711160825254,42.714303572190815
07850,Landing,Morris County,7328,63.86950133994355,271,71.29575699164596,67.60307595749906,43.39252767527674,73.96794940999213,97.40383041414307,23.78613729390124
07935,Green Village,Morris County,597,63.839177786963546,272,66.76979307368399,59.76359727359881,66.85885608856088,91.79424806480337,51.8472355385107,29.658894631550865
08050,Manahawkin,Ocean County,27599,63.7377268316684,273,73.23948705994545,82.21226085985514,41.674354243542425,74.48500156563732,12.13951088485172,25.56012245252857
08828,Helmetta,Middlesex County,2317,63.72254040375171,274,66.7679908574251,84.7412141473742,46.58671586715866,73.53693084142829,23.2984603237268,23.650652230529204
08859,Parlin,Middlesex County,24284,63.711107274110795,275,65.73747425323288,78.97198114592086,39.87546125461254,66.04729765382328,89.9159307665136,33.37933928090873
07628,Dumont,Bergen County,18072,63.698170987999305,276,74.52802987235036,73.72519441826236,50.06918819188191,80.1494082196199,11.523532680716443,31.849219543784933
07718,Belford,Monmouth County,7057,63.597434505424324,277,72.90260327647334,79.34111279623524,43.58856088560885,73.99758568666533,20.34401528956842,34.037796113305724
08027,Gibbstown,Gloucester County,4942,63.58159315377573,278,70.42856164208817,90.06960777080991,28.101937269372687,67.17947051979617,30.881199337575183,29.77830644606536
08825,Frenchtown,Hunterdon County,4639,63.571895508647295,279,65.70258018812918,76.7676964143475,53.45940959409594,78.58721665467583,33.28575479723981,32.70672068081957
07731,Howell,Monmouth County,39924,63.53369444583788,280,70.58854205820207,74.16544745389223,44.46494464944648,71.78456575518165,65.7861936720997,28.213574530064367
07650,Palisades Park,Bergen County,20192,63.48572941470734,281,62.51003853509642,67.60770295904611,58.071955719557195,80.94469371789,71.34228187919463,44.94336090396679
07856,Mount Arlington,Morris County,4280,63.31200037876842,282,68.41674245996795,77.57583024699527,51.16466789667896,80.27631202800818,17.211036539895595,24.845511642527164
08084,Stratford,Camden County,6965,63.30707802743889,283,64.67615781170782,79.01684982778266,33.61392988929889,67.00738096779682,99.99999999999999,32.90494921901129
07663,Saddle Brook,Bergen County,14349,63.200915122348334,284,74.0750658011564,78.01918591953296,37.961254612546114,75.97958540557268,13.793955712735595,49.9694198862006
08511,New Hanover Township,Burlington County,885,63.19382984495057,285,65.63629011256106,87.5744757301559,38.756918819188186,65.01280288964719,57.422818791946305,12.469786925889913
07442,Pompton Lakes,Passaic County,11010,63.029514791461104,286,68.56035830785288,83.30502689784237,43.842250922509216,72.26637197148382,20.60402684563758,31.511311803747805
07646,New Milford,Bergen County,16882,62.96373698007092,287,67.28370577236221,74.21237309211276,51.464483394833934,81.31815078829061,24.17762250620576,40.004046615024336
08247,Stone Harbor,Cape May County,936,62.88816224615463,288,73.68870080331885,54.10456908396625,76.56826568265681,83.94317592496242,31.649517540492273,55.23689048035858
07077,Sewaren,Middlesex County,3196,62.82996875217807,289,68.57781760972416,85.33825086814439,30.604243542435412,62.2969879650014,61.789709172259506,39.5675152919015
08804,Bloomsbury,Hunterdon County,3066,62.8162483723176,290,71.39025253835392,76.27460072291258,47.14022140221402,78.60437586051556,22.58694325808419,17.167637741731628
07013,Clifton,Passaic County,29419,62.75874089989691,291,66.08163755573305,76.46804936841016,43.934501845018445,72.51011510800214,59.45030361137743,39.511030680181435
08350,Richland,Atlantic County,859,62.635815898347936,292,67.64649894837443,82.28217546957802,17.147140221402204,62.67957538165061,99.99999999999999,49.27684933474889
07727,Farmingdale,Monmouth County,7135,62.616310388753206,293,70.26977795870586,66.86197877330366,52.49077490774907,78.14459042607544,55.33197507190795,35.80001225465595
07462,Vernon,Sussex County,6892,62.4668939208578,294,73.32215690057978,79.47217145467863,30.00461254612545,71.74602416116467,54.38159156279962,7.923055634495318
07460,Stockholm,Sussex County,2990,62.4613185646604,295,67.651217438261,67.95867812607486,41.37453874538745,76.894484016178,99.99999999999999,10.257626796158263
08205,Galloway,Atlantic County,28236,62.387270268913944,296,62.39526819649305,77.40872721836064,37.5230627306273,68.82000651256055,96.22542719786757,32.46876657830222
08319,Estell Manor,Atlantic County,1269,62.313923020907644,297,74.47672982923808,75.42020576295296,36.58902214022139,63.12587177599577,78.71140939597313,16.250730014050347
08323,Greenwich,Cumberland County,736,62.29017341764399,298,67.88362370733624,90.10152348339533,35.493542435424345,62.58195884463484,30.40268456375839,28.265129441959594
07010,Cliffside Park,Bergen County,25580,62.17928978064693,299,61.694493645546196,74.21096590177439,45.0530442804428,66.04063471675876,99.99999999999999,47.26684840390984
08554,Roebling,Burlington County,3661,62.15158980877442,300,65.85084089644764,89.55295151037323,27.59455719557195,62.5772952453192,52.69202087994034,35.93543376530739
08742,Point Pleasant,Ocean County,25558,62.10148701782541,301,72.87618376786062,70.90133841761504,55.834870848708476,77.15558670521128,17.179755716962173,29.315570734019634
08089,Waterford Works,Camden County,4195,62.050608639448505,302,65.23438447002441,86.58348626380874,16.97416974169741,63.846459988342374,90.32336790726052,29.35436885931229
07604,Hasbrouck Heights,Bergen County,12067,61.99558237974344,303,62.90545411895,68.94205512826801,44.8570110701107,74.21997261728599,97.58084197681511,40.39443573361101
07885,Wharton,Morris County,11864,61.961027584981615,304,62.09518485611204,78.75555827380926,40.41743542435423,68.60489597867985,83.19321794418931,28.942579693270908
07080,South Plainfield,Middlesex County,24215,61.89214837195828,305,68.25602992841428,78.47517205733763,44.5110701107011,72.08129546589741,33.38096935691368,33.976818455947246
07730,Hazlet Township,Monmouth County,17193,61.8624916880134,306,74.76297328032291,72.90913053241398,32.88745387453874,70.5500214531535,61.59274891026084,30.264434474175804
07621,Bergenfield,Bergen County,28269,61.736419070554625,307,68.76968678563733,73.90211844645003,51.15313653136531,75.6950971484673,29.447034021236675,31.98450405920381
08060,Mt Holly Township,Burlington County,25647,61.68144034171194,308,67.07466062506569,77.56583340751037,39.51798892988929,68.91390489547605,63.14214164078933,30.880389123532687
07512,Totowa,Passaic County,10919,61.44930947518185,309,72.22283273443594,76.87553651068848,39.87546125461254,72.65002493972575,23.758853719142614,38.23479909681872
07657,Ridgefield,Bergen County,11439,61.41799942970148,310,69.10232626925107,74.25166184832655,50.622693726937264,80.05472030247192,6.390594507115999,38.38550332250794
08872,Sayreville,Middlesex County,20040,61.21056399780683,311,69.17618330959108,76.72848582665468,37.82287822878228,64.786310652924,73.15985882897476,24.246351508825448
07403,Bloomingdale,Passaic County,7644,60.75478972386004,312,67.53629672135415,77.6370622941623,41.99723247232472,69.08838808025595,44.29153860628489,33.549340862292304
08722,Beachwood,Ocean County,11002,60.75353858666515,313,72.91629665619531,79.1242892515933,28.770756457564563,67.75921243151842,52.28419347373293,14.542350834802013
07031,North Arlington,Bergen County,16368,60.668289813609796,314,66.42953288436577,79.34142547031905,40.62499999999999,73.17714070571061,26.62670228709194,38.403593368481
07662,Rochelle Park,Bergen County,5820,60.497130583609845,315,72.59577371204723,71.03582221697563,47.91282287822877,75.5846671762488,16.003239990742873,40.58450549382837
08091,West Berlin,Camden County,5909,60.46844613559465,316,69.10326552947426,72.16933795218324,26.164667896678964,69.52063936423052,99.99999999999999,19.25355625689343
08226,Ocean City,Cape May County,11260,60.4555169529825,317,69.82912741380461,64.30908374714248,59.23662361623615,75.7568427513516,41.96129693217873,37.64602083401275
07424,Woodland Park,Passaic County,27475,60.34795629311564,318,65.9204376533715,76.58801175615133,45.02998154981549,75.16592756198563,21.129619147731862,45.35410795474983
08019,Chatsworth,Burlington County,914,60.28839702379903,319,79.18875555440228,88.89070550690931,31.12315498154981,55.15572955893223,1.7449664429530216,18.345885676045572
07755,Oakhurst,Monmouth County,6150,60.2384871937563,320,68.52159237997569,68.50092257905654,50.046125461254604,76.60354696181122,41.206599956387954,34.49075410962275
07711,Allenhurst,Monmouth County,1820,60.19014432218331,321,69.78678678350047,47.53442387141439,78.63238007380073,79.40106209205302,76.47889802176809,37.4312823115577
07083,Union,Union County,57036,60.16261273363729,322,66.70879017117927,77.15056763411057,43.38099630996309,71.95061061610706,32.28965791711138,34.252188928751245
07860,Newton,Sussex County,26521,60.00472302527908,323,61.60352504058229,77.22835363140305,42.55073800738007,72.02050329067833,60.64294174045457,24.513144149470012
07095,Woodbridge,Middlesex County,20086,59.999565043124264,324,63.46734142882023,79.7310638884328,35.68957564575644,66.78398152665204,63.180110590519604,35.93719967978791
07825,Blairstown Township,Warren County,9271,59.93967473340678,325,65.96846157450544,77.87691381608649,43.15036900369003,72.38189080664435,37.48588473420688,18.14043201266192
08527,Jackson,Ocean County,58366,59.85721157955064,326,67.20969586502065,71.71868248957539,40.878690036900366,68.28978153349541,78.3346201817426,22.024360021552837
07724,Eatontown,Monmouth County,23830,59.73298417758368,327,58.77387063255057,72.66001502050902,47.77444649446494,70.60318746836701,81.9369534268863,37.40106203785858
08048,Lumberton Township,Burlington County,12806,59.664413469361236,328,66.28272717536801,72.42104792712925,45.01845018450184,71.6139522592812,50.96448231656737,35.31408795637568
07865,Port Murray,Hunterdon County,3284,59.615473964093496,329,62.30164714457184,77.63361273539238,44.70710332103321,73.84927158386301,39.17545541706616,28.248843960604784
07882,Washington,Warren County,14918,59.52250576573806,330,68.10092209722289,79.01873094420954,39.840867158671585,65.19942545116561,44.50410141685309,22.892532274563823
07422,Highland Lake,Sussex County,5216,59.3878675158773,331,69.43912015127096,68.66881236482466,45.65267527675276,78.00086349393877,42.884269111147475,13.624554918209725
08094,Williamstown,Gloucester County,40542,59.25781371893999,332,64.49871959654082,83.19068835649188,27.859778597785972,65.26116541369609,61.55102457447623,20.635200157288335
07712,Ocean,Monmouth County,39597,59.17407591637114,333,61.419038806030606,69.84987908642046,52.4100553505535,67.30855711941963,77.2745761458391,42.421627548205755
08857,Old Bridge,Middlesex County,40409,59.08858524979047,334,61.49777676275773,76.98690433432033,37.765221402214024,67.14642127676989,74.789826916284,30.758368200084313
08361,Vineland,Cumberland County,18375,58.94332942011474,335,64.26677431825081,77.81191953606569,40.878690036900366,60.2492258421328,69.91829588561424,35.08064634191905
07027,Garwood,Union County,4688,58.8006012291092,336,62.0576235699148,78.61513303901138,46.64437269372693,74.25868561149852,15.004507663027155,40.752596753463884
07419,Hamburg,Sussex County,10102,58.78033879502913,337,62.491631506206176,72.11291381841905,40.69418819188191,73.7130663648915,69.58772770853308,22.97265822844561
07737,Leonardo,Monmouth County,4158,58.64620519575587,338,61.92074327096258,68.42269690345383,55.51199261992618,77.72857330219925,50.19273141699379,18.626115725727033
08096,Woodbury,Gloucester County,35896,58.56380650533628,339,63.746922373409966,79.89541611698448,30.558118081180808,62.14246485296271,71.15739337518943,36.49546848028234
07014,Clifton,Passaic County,4867,58.542596514005695,340,42.92027349517727,82.69127497494205,57.679889298892974,75.56955852052064,56.96987005569042,35.33206102308866
08092,West Creek,Ocean County,3182,58.512417819206206,341,67.62800284781142,79.42809920291471,37.32702952029519,68.00749180861762,27.170611091487107,28.4804066291037
07071,Lyndhurst,Bergen County,22343,58.49630132686289,342,64.58321592589036,77.43493108610889,42.82749077490774,73.57764769204513,16.870879610381888,39.18620488126788
08403,Longport,Atlantic County,1012,58.28424031810708,343,60.79883353299301,64.79190401582582,58.90221402214021,83.8287448112039,32.400710969498455,40.3797174329704
07847,Kenvil,Morris County,1769,58.25846719516604,344,71.06803115842716,62.72620748032728,27.44464944649446,74.7718657082957,99.99999999999999,15.279197412891275
08028,Glassboro,Gloucester County,24806,58.14966364833899,345,48.393653459948176,78.07986095712775,42.700645756457554,71.80019348668036,93.73864982234504,34.223223754596575
07307,Jersey City,Hudson County,42242,58.03993096603466,346,57.40437751223082,70.02199520120529,48.80073800738006,66.635601154209,80.64673581452104,64.71076861930722
07461,Sussex,Sussex County,18575,57.93809324556865,347,65.36692372224626,76.17806207002118,28.839944649446487,70.61841055962059,64.96814204400646,13.712944081856671
08059,Mount Ephraim,Camden County,5616,57.91329712794302,348,61.53129915827651,85.08405393149381,24.29658671586715,65.1281461259377,45.87646456603344,45.326120003676856
07073,East Rutherford,Bergen County,10154,57.852667087695195,349,65.13628590429744,75.17888347009665,48.05119926199261,72.06526876500551,12.045897380385359,42.7931667797863
08518,Florence,Burlington County,5830,57.79546748410209,350,63.52736485580976,77.75862245706203,23.48939114391143,60.32404032778178,99.99999999999999,27.645874294400905
08317,Dorothy,Atlantic County,1292,57.60042677393972,351,43.77071210001503,94.04493081720311,23.846863468634677,63.385596249424445,99.99999999999999,17.896583783531256
07003,Bloomfield,Essex County,52921,57.53748378239168,352,61.80354143843194,75.30551046981482,52.237084870848705,72.71879911050448,12.290014236322955,44.61237965901461
08734,Lanoka Harbor,Ocean County,8028,57.380211105676146,353,75.57665410414486,67.60941806546667,36.69280442804427,73.98610664951367,20.581423653371356,31.07609924234349
08406,Ventnor City,Atlantic County,8962,57.36243440765749,354,55.32188743875188,71.77207723998994,40.00230627306273,69.07943395101617,93.25920711578995,47.283653968773685
08204,Cape May,Cape May County,16890,57.34526900489001,355,61.69514328383425,72.47531236119988,40.40590405904059,68.32528557264683,62.12156962497367,46.169572019785086
08012,Grenloch,Camden County,40830,57.31760171599501,356,61.81334216058041,73.9448079257283,35.562730627306266,68.69072893680807,69.39765100671141,32.61636664301892
07416,Franklin,Sussex County,5746,57.29067144133924,357,60.73192512972745,84.46300221852331,21.32149446494464,65.15691511000274,70.97010372178158,10.740511121522065
08234,Egg Harbor Township,Atlantic County,46856,57.276181854739484,358,56.523557420228116,79.92451744889317,36.33533210332103,67.04641545530475,65.29034140647796,34.48869583876986
08724,Brick,Ocean County,41573,57.19111782620865,359,66.41683297218003,73.31592874593088,37.73062730627306,71.16832464677985,40.16842973644183,28.183489658000777
07603,Bogota,Bergen County,9110,56.954926560516874,360,62.12115585777359,71.11050066239751,35.7011070110701,67.43936868193346,82.96912751677853,32.138222264594496
08312,Clayton,Gloucester County,8395,56.70905741264712,361,59.86739266680477,82.20016790127045,21.160055350553503,62.36527050643927,84.23067362664678,21.530495432096014
08078,Runnemede,Camden County,8058,56.66830652788542,362,58.61812190725807,83.43781033567073,25.495848708487078,66.47797170524373,54.38159156279962,34.498529584047844
08215,Egg Harbor City,Atlantic County,13921,56.65754590385411,363,62.49782448257423,83.43067179760523,22.843634686346853,62.38478229170613,56.999866660740466,30.298262144143948
08533,New Egypt,Ocean County,6892,56.591154137531355,364,68.36523069841658,72.94478406000043,30.950184501845015,68.03004890729261,56.03443244820543,17.80987094076103
08758,Waretown,Ocean County,8010,56.58056493350098,365,60.50436618811864,81.08169142451345,34.69787822878228,72.25781404743714,33.09300095877278,10.691384945384591
08740,Ocean Gate,Ocean County,1768,56.57530238735692,366,69.75844071778651,78.40271673524195,34.37499999999999,66.32279956482395,14.946292858616138,26.924521559097506
08203,Brigantine,Atlantic County,7702,56.56780876303037,367,61.069093643407555,68.22148912972472,48.68542435424354,74.83492807395714,40.61191703845061,48.4577219815829
08846,Middlesex,Middlesex County,14518,56.55837460801917,368,67.03775748371505,78.86308078110363,35.908671586715855,62.757192516528946,29.739756597340325,33.792403596018204
08008,Long Beach Township,Ocean County,6938,56.45783817243059,369,64.11742896527159,57.717513090468564,70.2721402214022,83.98169184288498,8.480210702864342,47.10986623097608
08242,Rio Grande,Cape May County,4021,56.442499853710885,370,52.42566811940452,81.65698035411336,31.31918819188191,57.89932835717063,95.86629308659673,53.489115342053424
07852,Ledgewood,Morris County,3893,56.33064864374486,371,38.765133908820964,62.70408343447939,65.85562730627305,88.53402753921294,99.99999999999999,34.15523325921158
08322,Franklinville,Gloucester County,10391,56.30234657209674,372,60.956486997355604,81.37118529392397,22.174815498154974,61.809854079604335,80.64673581452104,18.705417816441393
08270,Woodbine,Cape May County,8239,56.266607800116525,373,65.27833799858955,79.34552003710773,28.205719557195568,57.03385653169507,70.79007335726548,25.027722105485363
08086,West Deptford Township,Gloucester County,8534,56.213913274759555,374,69.66612631273394,73.08868327142096,32.05719557195571,68.28691354291453,33.21226477168049,34.76762738272918
08052,Maple Shade Township,Burlington County,19970,56.18272910863611,375,56.813257671043075,76.76419801987213,34.84778597785977,61.405655627634324,86.41153791232328,41.598466179063166
08075,Delran Township,Burlington County,30550,56.13388999977177,376,64.4992144080353,74.49759655480274,40.302121771217706,65.50718247084914,44.053874521840704,30.52119988946385
08723,Brick,Ocean County,32033,56.05998055775553,377,64.69005853576428,80.17879746902749,30.26983394833948,68.35983274342354,23.907253409513377,29.930103314050474
08753,Toms River,Ocean County,64788,56.02269464714022,378,68.17301831454353,77.61949691126607,37.85747232472324,69.17130480766806,3.9096872547794685,28.35772137200041
07001,Avenel,Middlesex County,17143,55.87640899891117,379,64.08647222977481,79.39544081089964,30.050738007380065,61.705315175989966,50.73211888782359,29.959867180531685
08004,Atco,Camden County,10946,55.859059396445566,380,63.075026105157434,69.67302355378933,28.643911439114383,66.96879505004114,95.5648769574944,22.334246184677216
08759,Toms River,Ocean County,34290,55.75425202265109,381,56.44047880431421,80.79618462055515,23.016605166051654,64.72943180660867,85.45500020842887,23.259571923830343
07420,Wanaque,Passaic County,5235,55.74929262954243,382,67.30985340191658,74.50045977118492,34.68634686346863,67.5226767321498,32.772871776757334,28.48456267687244
08755,Toms River,Ocean County,29266,55.69206947127015,383,62.90726435569814,69.54975811439459,33.97140221402213,67.67947003463084,78.88734816129568,28.976795117536103
07735,Keyport,Monmouth County,19203,55.58058869559721,384,63.571691023851535,79.48633119954762,33.63699261992619,67.09748832062523,25.921200497640527,28.634639066014337
08620,Trenton,Mercer County,11949,55.29849516830668,385,52.984502743576414,71.62753317751181,30.02767527675276,73.03729283299961,99.99999999999999,30.19159944125607
08243,Sea Isle City,Cape May County,2079,55.048219239203604,386,71.6053032334978,55.551432428780004,50.87638376383763,78.5634848455031,32.835913546510604,35.038958021118646
07074,Moonachie,Bergen County,3106,54.96368283866936,387,72.13146506027316,77.9165152463841,27.790590405904055,65.63842130322452,2.836009260574858,31.32445193339863
07002,Bayonne,Hudson County,70468,54.61835886998474,388,55.172666147267705,73.59792732548823,41.91651291512914,63.02129393721673,71.96731389927763,47.816068996882215
08210,Cape May Court House,Cape May County,17278,54.57249006418216,389,59.46275392799087,74.53677780968007,34.09824723247231,65.03665006263456,60.64487574823144,38.63417282253864
07823,Belvidere,Warren County,7542,54.55685300223522,390,63.48219263005426,81.56707206542069,23.558579335793354,64.09482078843403,41.59767179426263,15.839533953967303
07827,Montague Township,Sussex County,4111,54.5394594998244,391,61.42160299978035,74.80634633871618,33.429428044280435,72.89654225468081,46.77852348993289,0.0
07732,Highlands,Monmouth County,4686,54.51272235211226,392,55.238544013086546,75.36326362539641,58.567804428044276,71.797824601705,5.838926174496651,37.69498864005504
07439,Ogdensburg,Sussex County,2231,54.501517911586745,393,58.65149356752368,66.5297075831295,30.03920664206641,73.14077462007329,99.99999999999999,14.77392558135647
08330,Mays Landing,Atlantic County,30009,54.434984138322925,394,52.709996969583564,81.32902840636521,31.411439114391133,67.96118371906795,57.82874530770106,26.514585077540815
08068,Pemberton Township,Burlington County,6811,54.353737658884945,395,61.34591480510523,83.7929531660852,23.512453874538735,57.09106180007271,56.75755033557047,22.827092029646785
08752,Seaside Park,Ocean County,2254,54.34098695761599,396,62.042701521740454,64.88349316316076,59.951568265682646,77.49869777569506,10.697847239961913,28.533398263156197
08081,Sicklerville,Camden County,49418,54.33328740710423,397,60.24180551703394,74.88646296067132,36.68127306273062,66.55049085841362,49.05648551954665,27.1185387858771
07029,Harrison,Hudson County,22128,54.265657865848645,398,53.16170465802788,73.48979405795338,50.046125461254604,66.2868344853131,46.401066209719644,57.62394710772443
07758,Port Monmouth,Monmouth County,4230,54.121496918716325,399,73.40182777230817,65.09736564993516,35.93173431734317,71.47027402708692,17.16554809843401,36.42863183452801
08026,Gibbsboro,Camden County,2337,53.843380098245895,400,61.536061262041244,67.25570684324329,26.98339483394833,71.49278242581951,70.43251304996271,46.242909412642
07421,West Milford,Passaic County,7660,53.78435056341029,401,56.72305174684835,73.52108442237116,39.96771217712176,76.03401215438733,41.21807072022437,6.123917442542325
07033,Kenilworth,Union County,8339,53.73887263718586,402,66.21833681625857,75.05319464959112,35.62038745387453,65.60252354080217,18.35341671751068,29.34900220880889
08879,South Amboy,Middlesex County,23263,53.56830962130674,403,55.244102991665486,77.2075243595943,32.63376383763837,62.7861749943858,71.84412210435158,28.35501578862676
08731,Forked River,Ocean County,21136,53.5167215442142,404,64.91630033421127,75.07685780496655,32.64529520295202,68.48904480750024,21.867398820418945,23.279438167586708
07631,Englewood,Bergen County,29342,53.440606846424835,405,60.453152769466705,71.1098361514888,48.77767527675275,67.09673851002049,23.606251413920518,44.32377082154922
07407,Elmwood Park,Bergen County,21287,53.4168760565453,406,58.22162500782039,74.25614725772,37.3500922509225,67.42205094073688,43.18247777979321,36.42427422407629
07306,Jersey City,Hudson County,54567,53.33286971839537,407,49.32704483443192,74.08272162400773,53.94372693726937,67.69832790912773,30.812080536912752,73.42950667262137
08031,Bellmawr,Camden County,11678,53.01758865962831,408,59.64683494824487,82.35790926851337,22.578413284132836,62.89578120927173,34.3047399328859,36.30092541334103
08326,Landisville,Atlantic County,1430,52.94083065187172,409,50.585233926249884,76.74886559022764,27.698339483394825,62.15012103739391,99.99999999999999,30.5865707773394
08812,Dunellen,Middlesex County,14177,52.92456209699856,410,59.56586313235231,77.17205650186526,44.29197416974169,62.92085046297353,18.409900475455203,34.987194134505465
08735,Lavallette,Ocean County,3435,52.88791134103923,411,70.71578278779455,55.31699958049916,54.19741697416974,80.08749984500122,9.947570875612799,25.36095716437974
08067,Pedricktown,Salem County,1704,52.676415063877116,412,53.08070170603365,78.20832023756734,32.66835793357933,69.60001289040108,38.375132462027544,41.685019153477576
08010,Edgewater Park Township,Burlington County,11506,52.56743290892666,413,54.25546889214183,76.76263449249184,30.823339483394825,59.83913671579023,81.82681289900147,27.91754434663115
08065,Palmyra,Burlington County,7447,52.43821988706362,414,60.77142354435595,78.68677242811921,30.373616236162352,63.80601926703941,20.676270679263027,42.24766347503429
08610,Trenton,Mercer County,33387,52.322022232263656,415,62.11686258554216,78.31785578047776,24.81549815498154,61.98803113048645,37.33600346395323,32.355370329208924
08835,Manville,Somerset County,10870,52.16907145135357,416,63.61812296016152,73.32234902241943,29.128228782287824,59.53424653449108,52.139357572463005,35.94676583190593
07601,Hackensack,Bergen County,45768,52.09744543862399,417,56.27151091803608,75.11176865312333,44.21125461254612,63.95391665322101,27.72997659769689,44.27368216518064
08083,Somerdale,Camden County,9626,52.07161975214067,418,53.276118599836195,76.43958812955745,28.63238007380073,66.98756438901431,56.2823585810163,42.70397085532543
08005,Barnegat,Ocean County,25936,51.90152504692158,419,58.42455202411012,73.33112925638616,34.7901291512915,67.75127475969747,38.448967858209045,31.122649451856052
07065,Rahway,Union County,29748,51.82266690752046,420,59.90441404377838,74.60580307589576,37.18865313653136,64.63097594879717,24.66793940706042,40.03254932881626
07753,Neptune Township,Monmouth County,37208,51.700755507421626,421,55.65665554118601,73.29268576597572,38.81457564575645,65.28153173868606,46.881866162767956,35.86879437449284
08310,Buena,Atlantic County,1236,51.645792279179716,422,57.2514258315753,74.62906555874086,11.877306273062725,65.1106070204531,99.99999999999999,9.421276493442674
08733,Whiting,Ocean County,2864,51.45254103328441,423,60.52776643989475,73.99306258576625,17.204797047970473,55.185063160278574,99.99999999999999,23.40913989989023
07072,Carlstadt,Bergen County,6343,51.42539268227582,424,61.110908033026966,73.87996015282387,33.487084870848705,70.22699648442,5.721955896452544,44.35872133775214
08884,Spotswood,Middlesex County,8133,51.16231346497061,425,59.89446238598295,72.49853583826507,35.72416974169741,67.86748068848519,26.43733089708001,30.67532925347384
08340,Milmay,Atlantic County,876,50.58721066854736,426,47.87887949463019,74.82878305864789,25.06918819188191,61.30821864358822,99.99999999999999,42.401506272875764
08046,Willingboro Township,Burlington County,31876,50.50690867370848,427,55.103294794174424,78.96227747762983,26.36070110701106,55.86497528587892,66.20858634281453,29.552760654209592
08087,Tuckerton,Ocean County,25211,50.386474034551874,428,64.4045535160191,73.44714374141617,28.736162361623613,65.78819315034238,18.40364545053652,21.02426659992475
08037,Hammonton,Atlantic County,23385,50.321922653925,429,57.69468726983398,73.72071392383168,29.139760147601464,63.75239192918858,50.11320246926039,26.727995631489627
08029,Glendora,Camden County,5417,50.25464287322992,430,45.787764729237395,83.37315806254927,24.596402214022135,70.14900405000775,36.709595501541806,38.36542597043756
07863,Oxford,Warren County,4097,50.19736415025543,431,61.01429711410441,72.22303570371723,29.53182656826567,66.43981133339238,37.22595078299775,16.68092840334329
08244,Somers Point,Atlantic County,10611,50.0819463927774,432,48.28765088881411,73.6660047395269,30.984778597785976,61.0009041590716,91.0431174017618,37.344359216398736
08107,Collingswood,Camden County,13699,50.00124265290749,433,55.69922299342486,74.00690965655141,38.134225092250915,62.07407470625278,31.972548821718718,45.75762293771969
08016,Burlington Township,Burlington County,34801,49.87108705202994,434,57.168155996442955,79.37260341843759,35.20525830258301,63.24567154662698,6.569295664400544,30.027809293109254
08344,Newfield,Gloucester County,5296,49.80837660410414,435,61.56742382928656,68.4274999018939,26.648985239852394,58.009177406559594,78.71140939597313,24.929084635474318
08721,Bayville,Ocean County,22464,49.525820382009506,436,61.4197310294384,75.53236510171993,28.078874538745378,67.00408243696916,12.446534756754877,16.611378373985936
07088,Union,Union County,3083,49.29739256028002,437,65.04378335090574,68.96580136712717,33.10654981549815,60.41235523030704,27.99447295696801,36.240667512085416
07205,Hillside,Union County,22179,49.16064587904064,438,57.375460031184836,76.1774219769652,29.48570110701106,57.02107455539234,42.39557836557441,37.11044665302932
07508,North Haledon,Passaic County,23611,49.06037257846033,439,60.25769138621255,68.41690689009569,30.385147601476007,59.020050768738166,61.00604691341617,35.24346975144268
08201,Absecon,Atlantic County,10067,48.53892953907099,440,57.25916003128668,68.56245271238022,33.33717712177121,64.83363519989247,39.21781234226319,44.63419729062788
07734,Keansburg,Monmouth County,13188,48.49350558222413,441,62.451027653764946,76.95268732988774,21.20618081180811,56.99268047662966,28.001113559324704,30.574400837077587
07643,Little Ferry,Bergen County,10942,48.26468749736737,442,56.571020484958765,72.56302194441908,34.66328413284132,70.6020985291929,0.0,40.40327282750203
07004,Fairfield,Essex County,7712,48.04909270147812,443,48.75544164061111,60.21837172084808,55.51199261992618,83.41803140428541,14.62927099799222,42.23068788208236
07008,Carteret,Middlesex County,25220,48.00880345331763,444,53.38387131791788,78.04924001858146,28.090405904059033,55.63273672278054,50.402925116066484,30.263795353712943
08318,Elmer,Salem County,12149,47.92788054883088,445,56.94696693664025,70.69734083802307,25.738007380073796,60.76319019654207,62.36865297267981,24.518719098804834
08865,Phillipsburg,Warren County,31078,47.489073475379996,446,54.592093695459816,79.23359028894086,29.900830258302573,58.15283433886315,26.073562654423743,22.166232722965038
08805,Bound Brook,Somerset County,14153,47.3262285300866,447,63.39731615195395,67.56433929589474,33.74077490774908,57.626388491038696,27.868328539469474,41.12943914461247
08882,South River,Middlesex County,16007,47.29286049474828,448,53.794975793217105,75.77680461941124,32.05719557195571,57.126298828676674,46.47088489738915,18.95001878517934
07032,Kearny,Hudson County,40570,47.19742004266186,449,58.328784067415285,72.88259433073083,30.073800738007375,56.74308878983321,38.375132462027544,30.451473683537195
08021,Lindenwold,Camden County,49060,47.0718114637566,450,51.32689636758046,74.63692727334607,24.803966789667893,54.41457168681311,78.25359024319837,30.660382253317895
07011,Clifton,Passaic County,38817,47.00315466412781,451,56.86870046614882,68.63921744697635,22.128690036900366,51.59131765110714,93.58777391444973,37.479856137236496
08015,Browns Mills,Burlington County,19143,46.97676611929494,452,56.74989490443453,78.65461729500814,18.0581180811808,54.35118553213827,52.11684788152016,17.21548751936433
08562,North Hanover Township,Burlington County,4301,46.841098598953785,453,54.67024853263418,69.58814785413684,30.523523985239844,57.052123606631085,66.73657718120805,30.73861475309825
07057,Wallington,Bergen County,11825,46.34430179683838,454,50.10386507792018,73.11342128319984,38.733856088560884,69.36188681136176,10.251519564391534,28.008580159283497
07036,Linden,Union County,45101,46.19661102688599,455,55.581108730338165,75.44884775670032,22.878228782287813,58.54987735450925,37.423185822147644,27.81873494432581
07109,Belleville,Essex County,37785,45.61835381712667,456,50.343040530981625,73.19070893655106,32.24169741697416,64.1533647568159,30.8509283299858,28.121932485117163
07606,South Hackensack,Bergen County,2771,45.60506506505645,457,60.396165438751716,66.06763334581004,29.520295202952024,60.127944085566035,32.12333430600137,41.39064477198371
08109,Merchantville,Camden County,24004,45.28153758921933,458,47.43328957424465,73.71514382810923,27.075645756457558,55.39539490135329,68.21495152870992,43.553152871299105
07660,Ridgefield Park,Bergen County,13167,45.254888881691514,459,48.542925273636506,74.90168297401658,37.107933579335786,64.89187829115524,6.0598700330243975,43.992086855745356
07644,Lodi,Bergen County,25946,44.95238953958349,460,53.467881075114825,72.42085242734629,28.62084870848708,58.50382208814761,33.92367476176769,37.280895966042095
08251,Villas,Cape May County,10360,44.13513764260901,461,44.54647425272915,75.94558359172538,23.92758302583025,55.06247182771648,70.53950542327826,34.52089926962768
08030,Gloucester City,Camden County,13185,44.068564338032445,462,53.72023865740353,77.93581032362808,18.73846863468634,56.14099156779051,21.941834451901574,37.89189510939782
07203,Roselle,Union County,22455,43.85152945747838,463,54.66736172740796,74.11806247751035,26.256918819188183,55.64194855759719,23.224762699225217,35.435866701011875
07047,North Bergen Township,Hudson County,61202,43.726074790942484,464,55.49973402177014,69.89373142054868,32.99123616236161,53.27348814542055,27.285883945093484,48.40283472096474
08345,Port Norris,Cumberland County,801,43.688214371476285,465,46.76862060793463,83.05703523500745,13.191881918819181,54.18155537637501,47.42756588639711,26.072336377924138
08629,Trenton,Mercer County,13015,43.66101759373263,466,56.75378898318607,82.02494423461502,13.226476014760141,48.20909842842636,19.993858841075575,35.95477293358239
07093,West New York,Hudson County,63321,43.310531118070465,467,43.92033398434926,71.99654749656416,36.88883763837637,43.99816334703227,79.43131342606101,64.27828766272563
08063,National Park,Gloucester County,3056,43.19194221624875,468,59.73240816879118,72.3593712866892,15.809501845018442,57.819324702043,20.89485458612975,25.872266965045235
08349,Port Norris,Cumberland County,2400,43.038758668570914,469,60.308063781813566,81.51330106032853,2.2255535055350437,41.49590098687051,53.87472035794183,16.11283064716195
07305,Jersey City,Hudson County,71643,42.93060395666357,470,44.388280763071435,71.32169544568599,36.05857933579335,56.09791017332455,47.50509654809079,49.631451307589025
08638,Ewing,Mercer County,23373,42.85793371494526,471,46.51836895627246,73.30473480381774,31.79197416974169,56.332030294010586,39.53046248661635,39.93114007203296
08757,Toms River,Ocean County,35652,42.790348923208754,472,54.467628753621135,69.20082055779578,18.33487084870848,59.69976198310746,48.40538085050261,22.43734569693078
08880,South Bound Brook,Somerset County,4833,42.005887871449055,473,47.606796829246036,70.85447144502551,23.80073800738007,55.22547298723738,61.631028562509755,32.8788250298658
08328,Malaga,Gloucester County,1554,41.99805893000374,474,59.926220197144026,72.30581036930717,8.498616236162354,58.69989703047262,29.03803131991052,8.614306457166892
07304,Jersey City,Hudson County,49260,41.61917798712639,475,41.297428214325976,70.21783805195933,41.974169741697416,57.79446174814627,30.17645862493869,62.342540747591755
07202,Elizabeth,Union County,44638,41.52166896340537,476,58.521604433879624,73.03033394352606,10.620387453874525,39.585362754654774,64.51901565995526,45.11186973364382
08332,Millville,Cumberland County,35214,41.40709879841214,477,49.379389386867715,75.90316778075103,17.066420664206635,45.17680435384154,68.62315937093058,29.489735196339698
08327,Leesburg,Cumberland County,3505,40.76161451364009,478,47.96504784077828,85.1260739849006,0.0,36.07288919193227,64.51901565995526,65.05637541417035
08110,Pennsauken,Camden County,18955,40.699106872851246,479,48.67699837587262,80.94236562093289,19.25738007380073,47.62136320993872,25.98337703897951,30.210436173691587
07026,Garfield,Bergen County,32502,40.64229227934434,480,54.674427342399056,70.74380713808227,24.135147601476007,55.23685296612263,14.261661283034016,33.9356646791314
08066,West Deptford Township,Gloucester County,7412,40.503018262797205,481,43.71326487843084,73.89737411364098,20.675738007380065,56.631690600331154,50.58005752636625,32.25858267241476
07801,Dover,Morris County,26725,40.46542362832073,482,59.076791986718526,68.89748453256287,21.644372693726933,54.753858640426344,8.763183125599241,32.66072422300699
08311,Cedarville,Cumberland County,1656,40.193877846979824,483,47.001903362411376,83.67434421801416,15.198339483394825,53.56941698019996,2.8129559381383187,31.121054421388855
07018,East Orange,Essex County,28261,40.027988370905426,484,39.18925141214898,70.50000279848416,24.411900369003686,47.46340421965261,99.99999999999999,44.18872974317922
07740,Long Branch,Monmouth County,32330,39.61696369665701,485,48.74367724500559,64.68863732732481,36.11623616236161,51.20132820294045,55.607372584305494,27.364951994209253
08070,Pennsville,Salem County,12477,39.32788244613599,486,44.16508037875099,73.63823734439839,20.71033210332103,58.83372887631146,30.36086679326254,32.87097228871637
08093,Westville,Gloucester County,9224,38.94099460550563,487,46.39454084789643,71.80371452626981,21.3560885608856,53.30915906611205,41.80455372263689,33.40320937905399
08701,Lakewood,Ocean County,136784,38.52013085951125,488,41.56582420615947,63.05110071191027,33.867619926199254,52.34164602241156,80.75838926174495,38.80965621949885
07208,Elizabeth,Union County,32404,38.25794092360547,489,45.66181163513978,66.4751986566093,20.548892988929886,44.041688316908,96.82259841730941,34.223935442212046
08079,Salem,Salem County,10696,38.20438272653405,490,46.98630470818478,74.66945374617197,17.50461254612545,47.11227193616661,44.62745990217267,32.71358048365805
07062,Plainfield,Union County,15018,37.87810979937159,491,48.69744235785681,73.02710430239182,31.619003690036894,50.643731273383395,3.9809511648257527,30.30201432175785
08360,Vineland,Cumberland County,44276,37.28041430509425,492,43.869286139227384,76.76340158977423,15.694188191881912,38.59123263966015,72.37358471233156,28.00507880251934
08260,Wildwood,Cape May County,12913,37.03998709966377,493,50.02094030103423,65.80814965470533,28.736162361623613,57.48749059807841,7.659393955049538,35.25574485585002
07063,Plainfield,Union County,14533,36.78615458990057,494,51.93217652809291,72.43961491287075,20.410516605166045,42.338510621997635,30.955922365318333,28.042814494772
08341,Minotola,Atlantic County,2002,36.05932810827008,495,31.762015983410624,65.38024865803692,15.163745387453865,65.48764202138054,99.99999999999999,8.614306457166892
07087,Union City,Hudson County,66375,36.01719745367529,496,39.84357072827463,68.63412127734242,28.874538745387444,39.59078837619761,73.38926174496643,60.62868682064143
08045,Lawnside,Camden County,3124,35.47567464026692,497,34.52914223717549,80.38633752079868,22.02490774907748,46.197671512730835,37.38649822345045,35.705022620487384
07111,Irvington,Essex County,60334,35.27909125894672,498,42.036035398856534,72.22649985041434,21.805811808118076,46.04417846503471,44.68318976906411,34.00168069294643
08069,Carneys Point,Salem County,13413,35.0313058549928,499,38.83499550873052,79.4976913086282,16.282287822878224,42.28230120353744,41.667386098217186,35.248436866085626
08751,Seaside Heights,Ocean County,3625,34.105892473651046,500,43.93549175328244,63.550167171598,41.37453874538745,55.98715870781064,3.847534508425346,23.694351468221925
07022,Fairview,Bergen County,14920,33.31180329821845,501,43.82386171371678,65.82666288977862,23.397140221402204,44.072181757678244,49.3128795142218,40.253847354503456
07102,Newark,Essex County,12954,32.92948865467288,502,29.448144529899192,64.16810641773513,31.296125461254608,47.68826254142951,88.17300521998509,50.00680405300577
07017,East Orange,Essex County,40809,31.760312985120752,503,38.536814881689274,71.1296734934167,21.30996309963099,48.75414720937092,22.71021245671783,34.50362306646023
07201,Elizabeth,Union County,27725,31.319395993649042,504,39.291667197539006,68.41634496556067,13.49169741697416,38.088868870459216,79.23064331314455,33.19377000659886
08609,Trenton,Mercer County,13000,31.156248446809794,505,40.92594192068793,77.81841798107521,7.5299815498154885,34.90240531974552,40.9725442342892,37.49569916008397
08618,Trenton,Mercer County,37162,30.66298813128477,506,26.584312468109673,74.48154094861853,23.27029520295202,52.66743148120257,29.146868695186726,41.85661604238637
08901,New Brunswick,Middlesex County,56766,29.97355201853702,507,33.94820938960582,70.00438589756637,23.904520295202943,40.08602221484474,50.87248322147651,41.009454460701924
07514,Paterson,Passaic County,18912,29.86859628831801,508,48.259265814813766,68.62576613375873,10.447416974169734,34.36412047479142,33.09300095877278,45.50804307277541
08302,Bridgeton,Cumberland County,47003,29.49094495240116,509,42.99281847222913,74.93699940966647,11.081642066420658,24.675828466046017,59.86577181208054,28.995249603503325
07112,Newark,Essex County,27633,29.42762645962264,510,27.174702762965847,68.31818411965801,16.363007380073796,39.30723139282803,99.99999999999999,46.23497041325331
07513,Paterson,Passaic County,10961,29.336025038208724,511,44.903225039009456,67.29068111503273,9.905442804428038,36.904802428311264,41.34776058074237,48.618217947613715
08232,Pleasantville,Atlantic County,20200,29.157296754429662,512,35.4815544612601,76.03294625308249,8.579335793357927,29.924912782746578,65.66356354189219,43.74694617403739
07206,Elizabeth,Union County,31120,28.472180400356702,513,49.34837034649648,66.32342805761917,5.119926199261986,26.65072971329956,61.433712673864406,44.84056613675031
07503,Paterson,Passaic County,19567,27.492319733547983,514,41.91869694760803,67.85928101480293,13.16881918819187,30.716387674996103,52.100671140939596,39.09641556847359
07060,Plainfield,Union County,47560,27.456650946349157,515,41.518236682908814,69.71474060607672,21.367619926199257,37.63171290272504,12.963370148718207,25.42492707541679
07103,Newark,Essex County,36733,27.354199321234308,516,25.467520576782363,64.27871205904738,19.91466789667896,39.871192708546666,99.99999999999999,44.184762227093366
07504,Paterson,Passaic County,13485,26.89283979822667,517,38.47392109687913,69.59177325283862,16.409132841328404,35.66480575069995,25.006101281269064,49.553090583501216
07107,Newark,Essex County,42132,26.65011713592561,518,30.903355791238354,65.95957333183338,10.562730627306264,33.565067476467384,99.99999999999999,39.84944979458775
07106,Newark,Essex County,35999,25.553210611717127,519,24.289663175017555,64.31083785934294,16.339944649446487,39.79888033086886,99.99999999999999,33.52177428603912
07104,Newark,Essex County,54277,25.46331948455878,520,34.04436962105119,65.69300976829419,20.283671586715858,35.71924161828104,48.74968928660204,39.60285045642677
07723,Deal,Monmouth County,815,24.36261473189832,521,60.610355375392565,0.0,35.597324723247226,80.50953144932157,83.51851050010823,33.480564795600216
08861,Perth Amboy,Middlesex County,58264,24.11093054658176,522,32.84682514842297,65.01702419538155,14.04520295202951,29.107898179511633,81.75263662511985,31.95140577218889
07105,Newark,Essex County,56657,23.312282353784642,523,39.902571460251,63.61208323256369,13.503228782287815,33.056275927617875,39.56787183373024,26.33827978508757
08611,Trenton,Mercer County,32786,23.265029963471427,524,32.75689376569456,73.22942118030267,15.002306273062725,26.57240130874959,39.606835165881286,27.671027858925576
08401,Atlantic City,Atlantic County,38744,22.974794679125548,525,14.406416594501026,72.27407049665362,19.799354243542428,29.191006752971326,92.98331707949286,56.87463594060039
07050,Orange,Essex County,33856,22.46994562363403,526,31.990516595946552,67.71846493740027,20.51429889298892,38.483140487748564,6.124551272046191,42.92085358562937
07055,Passaic,Passaic County,69651,19.938979043835484,527,30.795866151375254,65.29610580788851,15.659594095940953,25.96982041673104,46.41147882434621,46.35686935257773
07502,Paterson,Passaic County,17488,19.594404994389333,528,21.17133406616361,69.13234247122679,15.186808118081176,43.75255564218891,18.6655661398571,32.850578907693375
08105,Camden,Camden County,26681,18.85054644149514,529,31.946249716363347,78.3083866177496,5.362084870848704,18.56951791256066,9.630647268141074,40.9745938769461
07524,Paterson,Passaic County,14676,15.473333671688051,530,29.48099225624759,63.760247935741994,11.323800738007375,23.72969687502861,36.76656256229651,35.183672501680014
07501,Paterson,Passaic County,35321,11.988460631377789,531,35.29192283902336,59.527561735196635,6.3999077490774825,16.689426695067603,25.44088083382303,41.01011568838214
07108,Newark,Essex County,28317,11.972175078548146,532,14.43407073442189,54.01215433067905,15.751845018450174,25.966352225544952,99.99999999999999,45.19024022395244
07522,Paterson,Passaic County,22599,9.748217850941314,533,18.059613796065076,63.60404567802662,7.114852398523976,24.64562297198055,35.639144685500234,38.696819450524124
08104,Camden,Camden County,21508,8.244928915525113,534,9.730590821039256,72.7665408399209,6.492158671586705,21.01095718854092,20.850111856823265,45.275629361925546
08103,Camden,Camden County,13137,8.020816102459339,535,9.316386366698627,76.95640564199883,7.5299815498154885,14.7908997082724,17.5773593870642,43.773832247792626
08102,Camden,Camden County,8090,6.631195530090723,536,0.0,76.15991525969996,12.280904059040584,18.06540253838264,31.125148045795505,43.2389755640626
07114,Newark,Essex County,12658,0.0,537,9.959071766752455,57.974348567864006,6.96494464944649,0.0,76.14209673686645,50.70800769146029
