zip_code,county,gentrification_score,gent_tier,price_change_pct,current_home_value,baseline_home_value,price_to_income_ratio,pct_bachelors_plus,poverty_rate,homeownership_rate,rent_burden_severe_pct,income_median_hh
07711,Monmouth County,82.9,High,227.96182992792518,2353569.6363207363,717635.2311602758,18.672899797851006,59.51,3.2,75.54,15.32,126042.0
07041,Essex County,80.8,High,207.47302984031884,1205070.690195555,391927.2824746252,7.509679066957201,75.72,2.89,68.98,20.46,160469.0
07040,Essex County,79.4,High,232.54509842286123,908389.8018784,273162.89014228684,8.135684043512606,60.81,3.73,78.55,31.75,111655.0
08730,Monmouth County,79.2,High,204.9951494432434,1782409.7835067676,584405.9444094393,17.030640303335286,58.46,4.32,90.39,44.15,104659.0
07042,Essex County,78.7,High,225.9894098659268,896043.7600670186,274868.978239368,11.031625239360032,61.11,8.13,45.25,20.96,81225.0
07762,Monmouth County,78.0,High,111.92114992768411,1339460.1795067878,632055.9226692874,17.091709470668093,60.92,5.31,59.75,27.73,78369.0
08006,Ocean County,77.8,High,101.72585321961833,1574382.3454344776,780456.4067058138,16.756235184172475,73.22,2.35,93.53,61.54,93958.0
08738,Ocean County,76.4,High,108.39941061084745,4262706.1053515645,2045450.173230809,22.361736946106568,68.17,1.57,88.24,0.0,190625.0
07021,Essex County,76.1,High,161.74457161225342,1401968.0830267295,535624.5114812143,8.174312036258911,72.09,2.03,91.28,19.35,171509.0
07079,Essex County,75.9,High,222.0610999683263,1033661.8683632975,320952.1014692414,8.527648588544938,67.53,8.35,68.67,24.92,121213.0
08247,Cape May County,75.7,High,128.27811036183067,4594892.496265708,2012848.4894949428,34.30842085183723,69.74,4.59,85.77,10.81,133929.0
07078,Essex County,75.5,High,150.1192306476783,2250487.171350862,899765.749927854,9.579313041011279,87.23,2.38,94.06,5.13,234932.0
07750,Monmouth County,75.1,High,111.91567137533687,1085514.973353868,512239.1214905695,9.834344748630802,66.22,4.14,85.54,46.08,110380.0
07039,Essex County,74.8,Moderate,145.63178156720355,1041952.9854777867,424193.0660722395,7.568757385521278,67.95,2.57,91.98,40.37,137665.0
07090,Union County,73.8,Moderate,163.10735258295523,1227833.668405589,466666.4220333655,6.633604017470077,76.32,2.02,80.12,13.56,185093.0
07069,Somerset County,73.4,Moderate,123.78767248916947,1036846.9264623832,463317.2662862218,7.993084432865009,60.53,2.94,83.58,30.56,129718.0
08720,Monmouth County,73.3,Moderate,88.45136258708129,1187527.1604213945,630150.4770880345,8.997576660792637,65.09,0.0,84.44,76.19,131983.0
07082,Morris County,73.2,Moderate,113.83166139384777,828964.5607175917,387671.57085814147,9.103198452912727,65.11,2.56,95.55,29.55,91063.0
07068,Essex County,72.9,Moderate,132.49839823954036,807842.1972061849,347461.40331421746,7.33015930972511,62.61,3.74,82.86,45.17,110208.0
07070,Bergen County,72.9,Moderate,165.02036375272868,718748.2349655387,271204.9084787125,8.594074527585269,47.47,5.4,65.64,25.5,83633.0
07720,Monmouth County,72.9,Moderate,121.6055639925414,1052779.9684505176,475069.28503200895,16.386700626506205,55.29,10.95,47.58,32.0,64246.0
08750,Monmouth County,72.4,Moderate,95.27445209419504,4402595.053025528,2254567.868868907,41.88400263547699,59.02,1.77,88.68,15.43,105114.0
08248,Cape May County,72.1,Moderate,108.80904562511395,2347030.8038834142,1124008.2041738576,22.077857562375144,46.61,0.0,84.62,0.0,106307.0
07044,Essex County,71.9,Moderate,184.8962387618049,736053.7669725268,258358.54140142727,6.112997200954478,64.31,3.07,80.37,30.43,120408.0
07756,Monmouth County,71.6,Moderate,111.43374610242225,905401.1568370196,428219.79628475546,15.551376792116448,46.61,6.4,53.92,23.28,58220.0
07081,Union County,71.6,Moderate,178.96104472540318,694282.4217587169,248881.49613941173,6.84588646523938,57.0,4.66,64.27,21.42,101416.0
07760,Monmouth County,71.5,Moderate,92.23227844080557,1717131.4722804816,893258.6588517396,13.208703632926781,65.95,4.0,85.19,32.73,130000.0
07076,Union County,71.5,Moderate,151.31937014355944,797770.2888539858,317432.86973792786,7.2136999290537736,57.4,3.0,79.81,22.09,110591.0
08530,Hunterdon County,71.1,Moderate,124.3611620632885,875403.5050374959,390176.04338782985,10.016516831862967,48.19,3.62,73.38,9.41,87396.0
08202,Cape May County,70.7,Moderate,106.78930322941838,4694849.067839435,2270353.927654965,61.07120738652924,57.13,5.07,91.08,28.09,76875.0
07086,Hudson County,69.8,Moderate,166.05067595596356,836511.8771936563,314418.2491504419,6.948061607156911,63.48,7.48,34.58,14.43,120395.0
07043,Essex County,69.8,Moderate,218.71416200990205,1327615.6150988676,416553.6939828925,5.310441218630595,84.45,1.66,86.17,12.63,250001.0
07054,Morris County,69.7,Moderate,115.96954231546826,706387.2625299277,327077.2605046793,7.117180305789641,58.11,4.16,50.28,13.26,99251.0
07723,Monmouth County,68.9,Moderate,193.32437052654052,4162223.688474197,1418983.2508641116,51.003267960765584,30.54,7.32,67.81,17.7,81607.0
07717,Monmouth County,68.8,Moderate,94.52825062805555,1659432.780277454,853054.9032954316,15.572316660355416,71.16,9.1,68.43,19.34,106563.0
07013,Passaic County,68.6,Moderate,175.75863773599502,620370.5637639017,224968.6787174479,8.104439935776735,34.43,4.83,75.96,35.22,76547.0
07059,Somerset County,68.5,Moderate,129.0223848472652,1088101.6475824036,475107.1159738632,7.123415041455997,62.49,2.92,91.7,24.5,152750.0
07058,Morris County,68.3,Moderate,96.02739383106955,880419.7241149367,449130.96425372857,7.598668485866626,59.24,4.11,53.97,16.81,115865.0
08406,Atlantic County,68.1,Moderate,282.28016521431374,1138373.4675591723,297785.1249281997,20.221573275764673,27.25,11.93,62.8,30.65,56295.0
08831,Middlesex County,67.3,Moderate,127.32322799939804,913906.3706692392,402029.47086061054,13.504142837479154,38.54,5.13,88.13,33.57,67676.0
07052,Essex County,67.1,Moderate,172.46672195077772,669078.5104904785,245563.3868606348,6.336930884324126,53.96,5.96,69.53,29.05,105584.0
07002,Hudson County,67.1,Moderate,223.85647930253367,572730.1527829716,176846.90268245342,10.100882749562999,33.55,15.73,38.1,24.9,56701.0
07307,Hudson County,67.1,Moderate,154.4006405298764,729202.5356101412,286635.49513528246,11.523246086663315,39.85,15.93,31.52,23.64,63281.0
07003,Essex County,67.0,Moderate,213.82769350392104,581655.260848991,185342.23489162012,8.135721331146543,38.66,8.07,55.97,18.55,71494.0
08751,Ocean County,66.9,Moderate,142.37342641697708,1126696.365864085,464859.6929622667,14.511615845546618,39.31,23.28,60.52,54.52,77641.0
07012,Passaic County,66.8,Moderate,175.2481884213332,638648.6136223987,232026.45484619655,6.749972135733221,45.66,6.48,54.11,25.43,94615.0
08736,Monmouth County,66.8,Moderate,87.5108950989072,1589933.4061829268,847915.2133236192,14.948321827183833,54.93,5.01,81.79,30.35,106362.0
07024,Bergen County,66.8,Moderate,188.90117627609916,576315.7541205044,199485.43012151905,6.515208000729217,60.16,9.38,58.07,23.75,88457.0
07023,Union County,66.6,Moderate,166.42499111430874,767080.292150503,287916.0430642146,4.485246382945586,69.04,2.62,86.52,41.03,171023.0
07073,Bergen County,66.5,Moderate,157.62006764850076,622665.4927049838,241699.1418364793,8.110686231845147,47.47,10.95,37.75,19.66,76771.0
07764,Monmouth County,66.3,Moderate,141.72605292235215,936532.9185699996,387435.65587894456,10.964245039863254,40.08,7.69,81.64,35.21,85417.0
08008,Ocean County,66.2,Moderate,106.39978864417945,1803143.7036177889,873617.0300669725,19.710150559314723,59.35,6.37,91.72,14.03,91483.0
07020,Bergen County,66.1,Moderate,110.60125469195661,694825.6950836073,329924.7652156293,6.816427247862414,74.3,9.46,34.72,19.94,101934.0
07075,Bergen County,66.0,Moderate,160.82760370787764,678282.4223634731,260050.09160117025,5.659900053099742,48.33,3.55,67.08,27.45,119840.0
07738,Monmouth County,65.9,Moderate,103.01012756863545,977534.4711830962,481520.05167949205,7.429823675661411,57.46,3.67,88.26,32.65,131569.0
07030,Hudson County,65.6,Moderate,128.36252869185546,833757.7456377408,365102.6945680676,6.5380970149521325,78.23,10.38,32.61,10.75,127523.0
08742,Ocean County,65.5,Moderate,94.64826189424126,1433887.4231384927,736655.6521925536,15.607957234088678,44.74,5.12,78.51,21.72,91869.0
07029,Hudson County,65.5,Moderate,213.10788464125693,571979.7206510245,182678.15941663997,8.432672170473168,40.17,17.6,24.39,16.84,67829.0
08033,Camden County,65.4,Moderate,88.39227391718609,770028.8331219271,408736.9492978349,7.413961151546544,64.51,2.96,75.24,16.5,103862.0
07027,Union County,65.3,Moderate,147.30247499799452,667469.6012254823,269900.08944750554,7.178559073633132,36.42,3.91,54.3,9.89,92981.0
07716,Monmouth County,65.2,Moderate,94.91326369184982,785220.6845575044,402856.46532444673,8.975591931753284,41.09,3.9,71.99,28.74,87484.0
07087,Hudson County,64.8,Moderate,278.19857783415773,558210.8660183126,147597.2937854598,11.400201491234814,21.61,19.66,20.81,31.38,48965.0
07057,Bergen County,64.8,Moderate,157.33777215593946,654069.903230965,254167.85796786065,9.035487480569769,34.33,8.63,39.97,17.07,72389.0
07704,Monmouth County,64.7,Moderate,95.03404012453203,1430186.388849395,733300.908875292,7.983713052782743,71.18,3.32,93.36,14.88,179138.0
07034,Morris County,64.7,Moderate,165.87719754891603,513245.6640454714,193038.61661587004,5.913036602328038,46.64,3.52,62.48,11.57,86799.0
07071,Bergen County,64.7,Moderate,151.27641536429357,625852.2296081419,249069.22868220592,8.703271166849422,31.31,7.0,55.96,21.14,71910.0
07094,Hudson County,64.6,Moderate,175.13623786319684,639701.0115944104,232503.3650828948,4.945581003141992,60.46,5.31,50.76,18.1,129348.0
07102,Essex County,64.6,Moderate,315.1976186806186,403071.88087011833,97079.52616659208,14.947410845884384,22.61,39.43,10.42,25.96,26966.0
08536,Middlesex County,64.5,Moderate,63.111998702178354,1042400.4432301,639070.3636299558,11.795863338577572,73.12,3.82,46.95,12.7,88370.0
07016,Union County,64.5,Moderate,159.70264963308082,743793.2330133052,286401.86538880854,4.863269058089755,63.49,2.79,78.48,18.26,152941.0
07047,Hudson County,64.5,Moderate,292.15516656532674,573516.9340696433,146247.45074577632,10.014439471086334,25.84,15.8,38.56,24.65,57269.0
07055,Passaic County,64.4,Moderate,296.9420536907828,552913.616293334,139293.2825212954,16.763593860271474,14.24,31.74,23.99,36.45,32983.0
07719,Monmouth County,64.4,Moderate,100.00391257213992,780182.3486492502,390083.5431746088,8.151609029968448,47.63,5.18,71.7,19.77,95709.0
07017,Essex County,64.3,Moderate,506.31654329388533,481378.22873165575,79393.87998825042,12.400902383730633,15.36,19.03,28.77,30.93,38818.0
08053,Burlington County,64.3,Moderate,133.73461475483393,627279.0411802899,268372.3340842125,6.4643950820343985,48.72,4.19,76.25,23.96,97036.0
07050,Essex County,64.2,Moderate,495.2779035672726,463738.76673064264,77902.90282095704,10.644022372627678,20.14,21.71,18.94,29.49,43568.0
07006,Essex County,64.0,Moderate,120.9917251357911,816468.9404361692,369456.7929792302,5.492744057561096,64.93,3.49,73.52,18.05,148645.0
07755,Monmouth County,64.0,Moderate,153.4684620733622,966375.0528645044,381260.47120797355,7.249679689003702,46.74,6.96,79.47,28.4,133299.0
07028,Essex County,64.0,Moderate,176.34122113404322,1080851.0913576449,391129.15797435906,5.522604879352754,70.25,3.79,92.13,20.41,195714.0
07018,Essex County,63.9,Moderate,522.9388398721064,459821.2968151315,73814.83821261425,12.055194840865466,16.89,23.97,22.24,29.37,38143.0
07107,Essex County,63.9,Moderate,393.00686373431495,507597.7857717096,102959.57787014864,16.183057634754498,12.49,28.56,21.41,35.24,31366.0
08732,Ocean County,63.8,Moderate,95.03332548868343,945223.8526300276,484647.354631131,12.068895831535484,52.4,8.77,81.96,34.48,78319.0
08701,Ocean County,63.8,Moderate,148.70401480492617,1045928.4851530289,420551.5081746529,25.52103274901859,26.03,32.14,48.92,42.51,40983.0
07702,Monmouth County,63.7,Moderate,78.77500347237365,916101.9222911624,512432.8930206,7.892599549337581,61.06,1.85,92.18,40.54,116071.0
07103,Essex County,63.6,Moderate,425.61616025423683,395006.9531525884,75151.21927787119,14.284932487797931,14.15,37.24,24.22,34.54,27652.0
07203,Union County,63.5,Moderate,220.45033661209592,501754.8059445708,156578.02430457214,10.277438109513751,20.76,13.52,56.49,35.71,48821.0
07106,Essex County,63.4,Moderate,411.999087460069,463238.6970551631,90476.46927520965,13.365610578930815,13.51,26.77,31.25,35.6,34659.0
07022,Bergen County,63.3,Moderate,206.1842339246883,635903.203427482,207686.46225719585,11.737512291700945,20.79,16.4,33.09,29.28,54177.0
07066,Union County,63.3,Moderate,154.5872151134965,701221.8104746792,275434.80930967815,7.012218104746792,43.06,5.04,80.17,21.16,100000.0
07740,Monmouth County,63.2,Moderate,127.69470008540287,775328.8392114984,340512.4664389162,15.708270983660164,28.76,17.61,41.95,29.72,49358.0
07104,Essex County,63.2,Moderate,269.8342236782634,492138.0517303936,133069.90543918082,14.171625874115058,15.12,29.33,19.42,30.68,34727.0
07011,Passaic County,63.1,Moderate,213.8885304550746,574135.0467943457,182910.48926253105,9.207817535553152,20.48,10.75,43.34,33.02,62353.0
07108,Essex County,63.0,Moderate,184.4061305978575,500470.3795968266,175970.32052184487,15.286672763273973,17.47,34.44,16.62,36.02,32739.0
07112,Essex County,62.6,Moderate,188.36237193697082,484016.10041400214,167849.9511440406,13.53323361985187,16.11,22.5,28.97,35.51,35765.0
07092,Union County,62.6,Moderate,124.48891219670095,1014120.2583681569,451746.2570621607,7.592368540837134,53.54,4.62,91.96,16.13,133571.0
07522,Passaic County,62.6,Moderate,227.38106664877543,475829.1085103049,145344.1133236911,15.398003640874535,11.32,36.73,22.64,36.67,30902.0
08402,Atlantic County,62.3,Moderate,98.49777104128658,1921701.091604256,968122.2522163996,28.922116242313166,44.83,9.77,78.99,22.92,66444.0
07712,Monmouth County,62.2,Moderate,104.47847440186891,714446.8298928383,349399.5306756398,12.750465438096091,35.13,15.53,46.52,29.38,56033.0
07046,Morris County,62.2,Moderate,119.50239512728528,1161484.130204709,529144.1715390788,5.467711721751146,86.83,2.1,92.74,4.04,212426.0
07026,Bergen County,62.2,Moderate,162.90673326336798,569716.6328730101,216699.141098944,11.694891365554964,18.72,13.96,37.23,32.75,48715.0
07005,Morris County,62.0,Moderate,127.19945042104035,697395.2595166255,306952.88136667147,5.516887450590736,55.59,5.18,70.95,29.48,126411.0
07095,Middlesex County,62.0,Moderate,228.9166087906842,482136.032005389,146583.06060555627,5.73220820360705,40.52,6.36,56.79,20.67,84110.0
07105,Essex County,61.8,Moderate,257.4635496831128,565139.5973759601,158097.12567251953,11.565798198554328,13.1,19.47,19.23,26.74,48863.0
07060,Union County,61.7,Moderate,328.9902632577855,517035.1258835287,120523.7438157975,8.793712597515626,20.69,17.25,39.93,27.94,58796.0
07304,Hudson County,61.6,Moderate,125.35270955729463,534641.6699063618,237246.61263521764,11.083412867580783,30.51,21.69,27.19,25.28,48238.0
07306,Hudson County,61.4,Moderate,113.52954313552692,545670.0362929493,255547.79365898485,7.313631367014467,49.96,17.3,23.43,22.16,74610.0
07650,Bergen County,61.3,Moderate,86.4360084064988,958575.0193983596,514157.66063190694,14.811567406260385,41.94,9.98,31.56,25.78,64718.0
07093,Hudson County,61.3,Moderate,217.93769958002156,437666.20628099306,137657.85147817523,7.615162011396535,31.24,18.95,23.03,21.96,57473.0
07111,Essex County,61.2,Moderate,289.21891124088444,417030.5906896198,107145.51082835824,10.495560242855484,15.14,23.05,28.66,26.36,39734.0
07732,Monmouth County,61.1,Moderate,118.94870732511696,555546.2718478177,253733.52445643215,6.51529614682903,48.03,5.62,68.74,18.88,85268.0
07045,Morris County,61.1,Moderate,140.8978736124399,795637.7957215635,330280.12401703367,5.316337779362174,63.36,2.63,96.64,22.95,149659.0
07643,Bergen County,60.9,Moderate,101.33982735640782,580958.8914691854,288546.43370721844,8.392449027348684,35.43,7.42,38.99,20.8,69224.0
07036,Union County,60.9,Moderate,224.06669097293062,530942.1201319465,163837.30106229777,8.762433286550369,16.18,8.42,57.19,20.85,60593.0
07432,Bergen County,60.8,Moderate,61.50898910133743,715547.7029899731,443038.9336044998,8.793429061113306,50.65,2.44,67.05,42.45,81373.0
08212,Cape May County,60.7,Moderate,95.75057488595803,1907861.7675000816,974639.1644630312,35.91269209411918,63.14,12.5,90.15,7.69,53125.0
07032,Hudson County,60.7,Moderate,184.00528830788437,571415.8862010944,201199.0303439822,9.248905606828759,19.95,10.25,46.13,23.23,61782.0
07004,Essex County,60.6,Moderate,137.4779918844663,787159.9257554328,331466.47380208113,6.920087259388421,51.48,10.04,79.32,29.95,113750.0
08511,Burlington County,60.5,Moderate,137.66711128377415,562515.9877063481,236682.3009998657,7.392382943548086,27.97,4.11,65.05,0.87,76094.0
07208,Union County,60.4,Moderate,145.43755785874927,565030.6023529294,230213.58559887065,12.307621650502721,20.92,16.51,33.26,27.07,45909.0
07524,Passaic County,60.4,Moderate,183.20270111082093,520796.0544763498,183895.15793232335,13.424654701148368,12.92,26.95,25.57,30.59,38794.0
07724,Monmouth County,60.3,Moderate,94.56897871618692,659183.9850720571,338791.92326624325,8.253417953023202,41.47,7.18,64.86,26.36,79868.0
07501,Passaic County,60.3,Moderate,160.46904810728657,468502.19349408994,179868.66266778656,18.460230643212498,7.34,37.42,14.87,40.26,25379.0
07202,Union County,60.1,Moderate,184.3510876648929,497947.3029780102,175117.07342749464,11.430509904689995,12.48,17.05,24.55,27.23,43563.0
07065,Union County,60.0,Below Average,217.76729292905387,521802.3225078164,164208.9460177125,6.742241837218049,30.31,7.38,57.54,18.48,77393.0
07753,Monmouth County,59.8,Below Average,115.78585884538066,559427.6829431118,259251.31792068193,9.155336523682767,29.01,12.91,62.79,36.72,61104.0
07201,Union County,59.8,Below Average,172.86842026663115,494505.1597659011,181224.76733756857,10.05030505794161,15.74,17.66,22.81,27.57,49203.0
08203,Atlantic County,59.6,Below Average,87.12057451021205,1117516.717076175,597217.4465588693,12.239113288972094,43.53,10.28,71.93,34.79,91307.0
07423,Bergen County,59.5,Below Average,64.86015417379669,1238482.8951630893,751232.4014069963,7.626783683095152,76.41,0.22,91.1,29.37,162386.0
07722,Monmouth County,59.5,Below Average,75.82936179497813,1250416.124790183,711153.1953623324,9.181813757784932,56.61,4.0,92.28,34.68,136184.0
07001,Middlesex County,59.4,Below Average,206.67923025945933,519846.40958717297,169508.1891093075,7.442431668129436,25.12,8.91,50.4,20.63,69849.0
08755,Ocean County,59.3,Below Average,107.64619951941508,884647.5199073927,426035.97944718343,11.585980222741048,28.67,8.11,80.41,34.36,76355.0
07206,Union County,59.3,Below Average,214.90708303585896,503797.8607359235,159983.01971459793,9.712702154153142,7.23,19.01,27.29,31.12,51870.0
07062,Union County,59.3,Below Average,437.62287045549994,493221.42218581453,91741.15337912124,7.3864291818045125,24.39,15.92,62.55,32.74,66774.0
07008,Middlesex County,59.1,Below Average,220.89801833521068,540361.6277765862,168390.45332219018,8.056921747727474,22.98,15.05,56.1,25.47,67068.0
07627,Bergen County,59.0,Below Average,71.22750877197691,1413742.1254652515,825651.2844252888,9.416221804229757,63.88,1.76,92.27,0.0,150139.0
07514,Passaic County,58.8,Below Average,167.75326648811244,529827.6616846276,197879.065541914,12.103153821377642,9.7,23.64,27.94,29.87,43776.0
08724,Ocean County,58.8,Below Average,101.89298442106897,693716.7546034384,343606.1716521162,9.129293501650766,30.98,5.34,86.34,31.68,75988.0
08204,Cape May County,58.7,Below Average,99.61549941918342,1355598.0751685242,679104.6181848986,20.14111990444282,31.09,8.29,78.57,21.93,67305.0
07064,Middlesex County,58.7,Below Average,199.55519497398242,536599.2541004303,179132.0141007857,6.960324462350251,29.02,5.83,77.78,16.67,77094.0
07077,Middlesex County,58.7,Below Average,169.31488445571668,526166.4620200697,195372.2175747724,6.31318945599047,28.48,1.28,83.1,0.0,83344.0
07417,Bergen County,58.6,Below Average,57.56050861833083,1514659.5081554495,961319.2553373312,9.857406484282848,65.96,3.04,86.83,35.23,153657.0
07403,Passaic County,58.6,Below Average,96.75583911356823,538620.1003673007,273750.5035651862,7.089252015311222,29.91,3.13,66.61,22.37,75977.0
08558,Somerset County,58.6,Below Average,56.230774841552865,1400189.3393367045,896231.4504019823,8.422191514807245,75.97,2.85,85.93,35.06,166250.0
07624,Bergen County,58.6,Below Average,69.36482972339583,1119889.8943155657,661229.3096179139,7.779876581766662,61.93,3.8,82.94,40.09,143947.0
08403,Atlantic County,58.6,Below Average,74.50967836893248,3102561.207999092,1777873.4320052664,29.440254381544737,50.36,5.08,81.95,10.34,105385.0
07504,Passaic County,58.4,Below Average,150.14234618829053,563414.7669369623,225237.65988540824,11.420415270137477,12.68,15.51,41.09,30.25,49334.0
08226,Cape May County,58.3,Below Average,75.27436587386921,1724253.170041647,983745.2050931696,23.71248256950625,48.65,8.67,68.44,21.43,72715.0
08752,Ocean County,58.3,Below Average,79.38042271047344,1289292.2087222142,718747.4470406277,18.710884519812705,43.02,6.41,76.53,15.38,68906.0
07014,Passaic County,58.3,Below Average,168.12189628872255,577689.357010191,215457.73210111712,5.9703940409697385,45.04,8.07,72.03,20.83,96759.0
07721,Monmouth County,58.2,Below Average,105.19624579363429,505111.5400874289,246160.2248782949,7.347076946726238,37.76,7.6,60.64,22.86,68750.0
07502,Passaic County,58.1,Below Average,168.10241015551247,533760.6621732049,199088.3490616879,9.41061482348428,12.9,17.61,48.3,35.95,56719.0
07035,Morris County,57.8,Below Average,150.91700315962996,530562.0406372608,211449.21785142017,5.762281190738645,36.65,3.31,77.49,11.9,92075.0
08691,Mercer County,57.7,Below Average,69.13030785633394,937494.6953325372,554303.1921451256,7.334893127714217,56.51,1.19,87.0,36.28,127813.0
07662,Bergen County,57.7,Below Average,80.10564223641579,615168.6229389533,341559.88413258694,9.014384228989835,27.87,3.72,72.46,40.0,68243.0
08527,Ocean County,57.7,Below Average,95.60124971859103,855729.6214554318,437486.78635057743,9.01156942949517,33.22,5.41,85.01,29.38,94959.0
08260,Cape May County,57.5,Below Average,99.96072741039035,913510.0395712764,456844.72716306424,19.269111533312444,24.8,14.07,67.96,36.92,47408.0
07410,Bergen County,57.5,Below Average,86.45882172989793,691071.4456776014,370629.52520352154,6.858929538758388,52.18,4.51,78.22,24.77,100755.0
07503,Passaic County,57.3,Below Average,179.12293573339548,543134.8229143997,194586.239030237,9.58839832137699,13.56,21.89,30.96,23.27,56645.0
07508,Passaic County,57.0,Below Average,92.15709115321742,622801.3886321249,324110.54148167296,8.681247663569296,29.67,6.95,67.98,33.77,71741.0
07083,Union County,56.9,Below Average,238.7618550711306,570864.3474418987,168514.94313668608,4.833491502903313,40.96,6.24,74.44,22.59,118106.0
07701,Monmouth County,56.8,Below Average,88.32576205400018,674383.6432490573,358094.20649294165,7.978983001053684,44.52,9.0,65.86,29.23,84520.0
07727,Monmouth County,56.8,Below Average,88.85380012899307,789100.9024848365,417836.92038278066,9.841985887284839,41.2,17.7,70.18,39.74,80177.0
07652,Bergen County,56.8,Below Average,63.24752284566162,1007644.2360123206,617249.3269407667,9.89895411287928,47.67,2.34,88.47,43.33,101793.0
07114,Essex County,56.7,Below Average,124.09163123658766,467556.62448122306,208645.28581506645,23.807557639453286,6.15,45.86,11.97,28.04,19639.0
08108,Camden County,56.6,Below Average,94.30858313186337,612049.0207209844,314988.1548493565,6.452741886969926,52.87,6.55,64.03,16.43,94851.0
08540,Mercer County,56.6,Below Average,52.289497582828346,1596990.964923963,1048654.6940345506,11.074526122187754,80.31,5.95,67.19,16.56,144204.0
07901,Union County,56.6,Below Average,49.2931190489546,1288667.606529656,863179.5053508729,10.223463756681127,71.15,4.13,69.22,19.47,126050.0
08740,Ocean County,56.5,Below Average,105.00979790928209,569661.6994248595,277870.47508672625,9.91992650410719,27.17,12.18,72.07,38.34,57426.0
07646,Bergen County,56.5,Below Average,88.41699173254499,710749.6653509084,377221.63952166616,8.806324763668345,39.58,7.53,61.83,14.39,80709.0
08735,Ocean County,56.5,Below Average,92.97026710841294,1842794.2048246132,954962.7683260188,30.34954799691387,41.94,10.9,89.46,27.89,60719.0
08553,Somerset County,56.4,Below Average,62.77782660663976,921371.312296406,566029.9879313065,8.274848780346003,77.01,3.82,88.03,25.0,111346.0
07067,Middlesex County,56.4,Below Average,151.50895003608795,624742.6583399222,248397.7839557123,5.714231630003587,43.12,5.66,88.78,32.24,109331.0
07080,Middlesex County,56.4,Below Average,228.58308719107447,573867.5514612405,174649.14471618272,4.548692158917895,41.94,3.49,85.14,13.91,126161.0
07757,Monmouth County,56.3,Below Average,110.74032024470351,887818.1992268505,421285.399109174,8.759577315417749,42.48,8.37,90.1,16.26,101354.0
07632,Bergen County,56.2,Below Average,44.75995937942198,1693780.8974816925,1170061.7385793962,7.942290889950307,75.6,2.25,82.74,40.19,213261.0
07661,Bergen County,56.2,Below Average,70.68458481746868,811617.7812563917,475507.3705831968,6.329341432698737,66.43,3.2,75.94,27.45,128231.0
07450,Bergen County,56.0,Below Average,65.54728617033099,1159864.9767944408,700624.5790106519,7.150788076488066,76.14,4.37,76.8,22.69,162201.0
07109,Essex County,56.0,Below Average,110.38668007163743,505719.19259524625,240376.05062404476,7.702793319451157,25.29,6.83,55.98,19.38,65654.0
07009,Essex County,56.0,Below Average,110.30945473609243,730687.0673034441,347434.24551233294,4.781576615231978,57.43,3.34,83.82,17.57,152813.0
07626,Bergen County,55.8,Below Average,57.70198298048192,979443.8277509366,621072.6138251274,8.89142514026414,58.82,3.5,85.63,40.61,110156.0
07305,Hudson County,55.6,Below Average,115.13633069069347,524662.9019271011,243874.6167338055,7.115520470971737,32.57,17.78,42.8,30.44,73735.0
07733,Monmouth County,55.4,Below Average,69.16431066269921,1045372.5101437992,617962.7996286951,7.407947490655134,66.95,4.17,87.9,29.6,141115.0
07031,Bergen County,55.4,Below Average,131.76363793229552,604811.0251284809,260960.27423644543,6.2435972821901835,36.33,9.13,46.97,19.41,96869.0
07657,Bergen County,55.2,Below Average,70.05563914706576,758166.4103783338,445834.32468397246,11.232094968567907,35.83,5.47,55.79,24.08,67500.0
07458,Bergen County,55.1,Below Average,44.489937794059884,1543281.8483598742,1068089.4960031742,9.179371588757617,63.52,1.61,87.67,31.59,168125.0
07728,Monmouth County,55.1,Below Average,93.70086063309392,619711.7957345693,319932.3914767837,7.406176226287055,38.12,6.97,78.53,34.6,83675.0
08542,Mercer County,55.0,Below Average,44.87536928419353,1423648.3105376398,982671.048620385,19.941006968997517,73.85,9.93,37.93,21.89,71393.0
07072,Bergen County,54.9,Below Average,121.81681275196257,647223.2537765442,291782.7759522786,6.823362786772769,32.38,10.52,61.01,27.41,94854.0
08753,Ocean County,54.8,Below Average,102.60981313295927,740212.4374730433,365338.88760229567,7.282115117592509,36.17,6.09,81.44,19.42,101648.0
07748,Monmouth County,54.7,Below Average,85.58494956365678,744323.4612908988,401068.8706389908,6.889396063374327,42.6,2.94,86.89,25.14,108039.0
07110,Essex County,54.6,Below Average,75.94782677359434,640657.6809058059,364117.9846626862,7.517338788437598,45.28,5.76,67.66,23.15,85224.0
07747,Monmouth County,54.5,Below Average,107.13421768390998,627594.5353347678,302989.3092277427,5.4444664388122685,48.31,4.79,77.87,15.17,115272.0
08723,Ocean County,54.4,Below Average,97.74277880062591,711782.4001629511,359953.6754161857,10.143107136018342,23.73,7.83,78.59,29.72,70174.0
07660,Bergen County,54.3,Below Average,94.52521474070372,574381.756396738,295273.6780999685,7.012523274853958,38.52,9.33,49.84,26.11,81908.0
07063,Union County,54.2,Below Average,352.1439167298504,479146.11531854264,105972.03624544742,7.001886795729167,16.86,16.35,61.47,23.65,68431.0
07726,Monmouth County,54.2,Below Average,82.29609921237063,750059.3187498321,411451.10728673945,7.079838391869516,44.25,3.35,90.48,28.52,105943.0
08852,Middlesex County,54.2,Below Average,49.32016605475666,984985.8286692776,659646.8880888312,9.663545136461792,63.85,4.46,64.96,14.96,101928.0
08221,Atlantic County,54.2,Below Average,63.93530601312801,701965.3449430867,428196.56242132065,8.354641636532376,45.86,1.78,82.68,21.6,84021.0
07644,Bergen County,54.1,Below Average,95.66888645114953,605301.0609619033,309349.67328749126,8.546914911705613,28.45,10.81,41.67,20.01,70821.0
08243,Cape May County,54.1,Below Average,83.09493046144611,1999520.901015262,1092067.8666394297,29.98546707579536,40.15,8.84,83.01,11.98,66683.0
07205,Union County,54.1,Below Average,158.92588790519335,509430.8654747659,196747.75264700293,6.770835145001474,25.78,8.86,67.22,24.14,75239.0
08555,Monmouth County,54.0,Below Average,88.74852803972058,615426.9925911884,326056.57855073543,6.159752105285588,47.52,2.68,82.3,6.67,99911.0
08092,Ocean County,54.0,Below Average,96.47843823794648,727296.5497823966,370166.08860744274,7.225135103439199,35.54,4.2,82.91,6.15,100662.0
08035,Camden County,53.9,Below Average,97.0053564405912,479392.99204075855,243340.08003753136,5.406667554341057,55.24,4.66,79.59,15.88,88667.0
07204,Union County,53.7,Below Average,108.16681236861363,532235.4409169782,255677.3747270129,5.4438057146639345,38.06,4.74,60.18,14.18,97769.0
08520,Mercer County,53.5,Below Average,82.15491851706751,676982.4431060797,371652.0248903671,7.8126580241203865,47.11,8.44,70.28,18.43,86652.0
07735,Monmouth County,53.3,Below Average,123.96695442206811,497257.87826197984,222022.87812732055,7.3427426981583235,22.4,7.27,71.8,22.9,67721.0
07739,Monmouth County,53.2,Below Average,82.50013312266383,1071899.5374591807,587341.7838762478,5.283546703434039,69.36,1.15,93.12,9.15,202875.0
08251,Cape May County,53.1,Below Average,114.2354828230286,538172.1766128102,251205.90180543193,11.312317160903229,13.68,17.16,76.21,37.1,47574.0
07666,Bergen County,53.1,Below Average,82.18660054851871,676163.6800862199,371137.9860266664,6.046839860904659,55.52,6.04,72.69,25.43,111821.0
08050,Ocean County,53.0,Below Average,126.45287018627175,572259.7725875658,252705.90393349665,5.55430236423921,36.18,3.65,87.67,21.3,103030.0
08817,Middlesex County,53.0,Below Average,70.31883428553745,676147.2881466284,396989.1474322069,8.000796215200904,47.74,6.57,56.51,18.11,84510.0
08861,Middlesex County,52.8,Below Average,98.70094620519762,570404.442315284,287066.7972190881,9.797228531204961,14.89,18.7,36.64,35.07,58221.0
07620,Bergen County,52.7,Below Average,42.49227120504721,2955123.2948754416,2073883.214776612,18.566180771613723,67.78,5.28,92.37,41.18,159167.0
07751,Monmouth County,52.6,Below Average,79.33853612628107,830222.5184999049,462935.929127527,6.333273718617923,56.36,1.01,97.56,9.86,131089.0
08628,Mercer County,52.6,Below Average,77.11024456046903,546052.8021608941,308312.3754450357,6.234974162309391,57.97,6.71,61.46,19.66,87579.0
08043,Camden County,52.5,Below Average,77.24172586522377,529290.7948292437,298626.5182453263,6.53074543875384,49.75,5.96,64.37,19.91,81046.0
07621,Bergen County,52.5,Below Average,88.35796397328399,617191.9483832092,327669.68561560236,6.38168548574865,42.63,5.49,67.26,18.97,96713.0
07932,Morris County,52.4,Below Average,55.01763017234419,998159.8993367712,643900.8893550014,8.125492696667871,66.56,7.05,68.29,27.35,122843.0
07603,Bergen County,52.3,Below Average,97.70680239955234,598064.8160334391,302500.87947140523,7.661702251289911,31.1,9.84,68.17,22.55,78059.0
07737,Monmouth County,52.3,Below Average,105.35445549835458,628364.1688771619,305990.0343297868,4.660832892322701,51.48,3.9,92.38,29.82,134818.0
08816,Middlesex County,52.2,Below Average,63.31393286028625,806590.8603842338,493889.8024544334,8.283771802241283,53.97,5.28,83.43,29.96,97370.0
08057,Burlington County,52.1,Below Average,54.95413358170196,1186085.056007306,765442.6691250056,9.832829479853315,60.18,3.82,83.65,12.01,120625.0
08828,Middlesex County,52.1,Below Average,77.9714435979862,583624.018760933,327931.27198499435,6.201113718824992,33.19,2.28,75.85,37.1,94116.0
07734,Monmouth County,52.1,Below Average,137.79474611270882,402285.04826448514,169173.228105642,7.13296656378746,19.06,19.63,60.68,40.58,56398.0
07452,Bergen County,52.0,Below Average,63.28515667580681,1014297.5518198306,621181.724333743,6.2440212986698755,72.88,2.58,93.05,40.96,162443.0
08837,Middlesex County,51.9,Below Average,66.9642034323094,672200.7598862058,402601.7230446221,9.186584484313752,41.03,6.04,58.02,17.76,73172.0
07607,Bergen County,51.9,Below Average,80.09604377433587,664083.8718590016,368738.7340341094,5.566223591931685,43.54,2.81,68.83,20.94,119306.0
08003,Camden County,51.9,Below Average,93.73957121822545,549593.9670566274,283676.6715239463,4.1031010038121885,65.87,3.65,88.2,22.84,133946.0
08087,Ocean County,51.7,Below Average,98.9148467245635,538377.7477644972,270657.3976903727,8.813006396642557,21.09,8.58,82.55,35.24,61089.0
08510,Monmouth County,51.6,Below Average,71.35487839835243,1181368.8696558103,689428.2092800745,9.417349852971082,49.25,3.5,98.31,0.0,125446.0
08550,Mercer County,51.5,Below Average,57.958831418058764,1277518.868898266,808766.9789840017,7.529832247235758,79.06,5.1,85.83,21.18,169661.0
07033,Union County,51.4,Below Average,174.71840908509498,616063.6831746307,224252.7849612739,5.689490152239365,26.63,7.94,78.07,30.29,108281.0
08844,Somerset County,51.4,Below Average,57.862174558654544,937399.54388481,593808.837681071,8.151938359391691,53.65,3.53,86.7,29.43,114991.0
08533,Ocean County,51.4,Below Average,88.88426857846628,719708.238330977,381031.3287323851,6.859786672617184,29.39,3.25,85.9,27.33,104917.0
07641,Bergen County,51.3,Below Average,72.65317440996287,1142238.4290822148,661579.7438916377,6.293324678138925,71.57,2.26,96.13,0.0,181500.0
07976,Morris County,51.3,Below Average,44.31647157893327,1951407.8508338137,1352172.6449406017,21.73447218695774,58.78,9.67,57.71,25.23,89784.0
08876,Somerset County,51.2,Below Average,57.955292534600844,772164.2219025376,488849.857141312,8.724427969883823,47.33,4.29,72.04,19.39,88506.0
08618,Mercer County,51.2,Below Average,100.8953530572251,371562.35550340806,184953.1857501793,8.687249666910011,18.51,25.52,47.45,30.09,42771.0
07605,Bergen County,51.2,Below Average,63.51007457304182,788819.9021216873,482428.92933750845,8.205676650837788,55.77,8.49,59.59,20.9,96131.0
07481,Bergen County,51.2,Below Average,52.967843859877796,1091734.1506375924,713701.7317428145,7.403444597204671,65.03,2.26,91.69,28.31,147463.0
07604,Bergen County,51.1,Below Average,75.96831099564476,694469.4305785511,394655.9620020103,7.91824218207116,38.58,7.46,66.93,22.85,87705.0
08840,Middlesex County,51.1,Below Average,54.630172878132946,885610.2255341075,572727.9540921643,7.648747467583085,56.15,1.85,80.02,12.28,115785.0
08107,Camden County,51.0,Below Average,88.403309672348,438605.6086209702,232801.43506170288,7.970879377402868,29.31,14.19,58.34,33.99,55026.0
07649,Bergen County,50.9,Below Average,65.19402255068158,952173.5544861888,576397.0994737789,6.532430173271237,63.5,0.7,88.54,12.96,145761.0
08873,Somerset County,50.9,Below Average,62.91272382460558,739360.5186109468,453838.411913703,8.52760626757107,45.66,5.92,68.24,22.98,86702.0
07869,Morris County,50.8,Below Average,58.450814916189294,779966.5089532913,492245.1862212545,6.495120197803983,64.51,2.53,74.41,11.01,120085.0
08501,Monmouth County,50.7,Below Average,75.31984466040977,1015757.1069340528,579373.7205856811,7.503561401596016,60.1,5.72,91.5,11.48,135370.0
08836,Somerset County,50.6,Below Average,50.63935523803662,1181170.7809975108,784105.0428893921,6.771176392003662,71.37,0.62,95.43,35.48,174441.0
08758,Ocean County,50.6,Below Average,80.7552105358714,679346.6450435745,375837.93188011926,10.186328870682757,28.45,6.63,86.7,31.88,66692.0
07424,Passaic County,50.6,Below Average,76.3007416847393,622941.2519428189,353340.11983725027,8.103090026182329,34.96,6.99,66.5,19.76,76877.0
08734,Ocean County,50.5,Below Average,85.82381936825779,755604.4070252163,406624.08597241854,6.568188517256748,38.28,1.13,92.95,16.39,115040.0
08512,Middlesex County,50.5,Below Average,51.35637935906697,1153320.2266669122,761989.8358765958,10.195907092426467,57.55,8.8,59.01,23.51,113116.0
08534,Mercer County,50.3,Below Average,48.40795259874196,946136.242158791,637523.9504293326,7.0703211986338985,72.33,2.2,84.69,19.54,133818.0
08820,Middlesex County,50.3,Below Average,50.38991583325674,1045665.5217095636,695302.9502782184,7.894734820496361,67.77,5.15,73.69,17.01,132451.0
08805,Somerset County,50.2,Below Average,73.35480187886584,633352.4889122166,365350.41547610593,7.705018113287307,33.75,8.01,49.98,34.04,82200.0
08638,Mercer County,50.1,Below Average,97.71765619439225,421430.74414758314,213147.75435798228,7.385229639485194,26.03,18.85,58.04,34.09,57064.0
07401,Bergen County,50.1,Below Average,52.269473389703705,1044486.665065572,685946.19907328,6.887890907245217,68.49,2.84,86.1,26.52,151641.0
07645,Bergen County,50.1,Below Average,58.32681260961113,900512.9600318056,568768.4512743993,8.36425999918082,58.2,6.6,84.72,34.67,107662.0
07439,Sussex County,50.0,Below Average,104.29668772407466,414100.34496808983,202695.57454958756,5.246824096194945,23.25,1.63,82.47,28.3,78924.0
07628,Bergen County,50.0,Below Average,85.98181756545885,650148.8265768079,349576.5527444526,6.001392249608226,44.86,5.46,72.94,17.62,108333.0
08807,Somerset County,50.0,Below Average,48.968820162498886,943794.0358590764,633551.3933919611,8.461940178412648,54.14,3.62,82.88,28.32,111534.0
07670,Bergen County,49.7,Below Average,47.48299361751267,1218495.322180432,826193.7815966216,8.278046429117857,76.47,6.15,77.97,17.08,147196.0
08741,Ocean County,49.7,Below Average,94.00679258199533,714988.5716660782,368537.9064054648,7.428452692634578,41.17,13.47,91.25,48.81,96250.0
08244,Atlantic County,49.6,Below Average,81.42333876008848,558191.1723322921,307673.29944822355,8.29407388309498,27.17,11.16,51.28,30.08,67300.0
07601,Bergen County,49.6,Below Average,78.95564883631829,460743.9942388605,257462.67146910785,7.772727942353029,34.52,14.28,34.57,25.1,59277.0
07440,Morris County,49.6,Below Average,88.38281392978722,664404.995987544,352688.75229519425,4.930063932947063,42.52,3.45,82.29,32.84,134766.0
07677,Bergen County,49.6,Below Average,60.017740158754066,1194241.1247434246,746317.9542209598,5.68475101982799,72.88,2.62,90.35,41.54,210078.0
07823,Warren County,49.5,Below Average,93.38182979742747,379483.00416310545,196235.08814691837,7.46778581870091,20.51,6.51,72.25,28.6,50816.0
07731,Monmouth County,49.5,Below Average,116.3364582562505,643493.9669388105,297450.5416819721,4.969027010901928,40.82,6.22,90.04,33.71,129501.0
07506,Passaic County,49.3,Below Average,73.73499250853385,620022.8734070956,356878.5219688199,6.618872414273771,34.69,5.07,59.95,29.92,93675.0
07940,Morris County,49.2,Below Average,41.70673470044732,997111.2036566762,703644.1886579782,8.288263097292495,67.03,6.03,70.86,19.46,120304.0
07010,Bergen County,49.1,Below Average,84.4037159033363,625884.1158455828,339409.70916967245,6.59102902112029,42.41,11.29,49.84,23.37,94960.0
08535,Monmouth County,49.1,Below Average,73.59825026734784,1168237.5202384891,672954.6631025136,6.114250006481929,57.26,2.0,90.95,7.95,191068.0
07928,Morris County,49.1,Below Average,52.17429123558581,1267114.8057682354,832673.3743787083,5.66822549964095,81.54,1.94,83.51,28.34,223547.0
08823,Somerset County,49.1,Below Average,75.85321637117117,614416.555246285,349391.7074279971,6.3928473129360635,60.42,9.61,69.33,19.61,96110.0
08026,Camden County,49.0,Below Average,143.6670576770079,368955.4116821939,151417.84663040566,4.956147059295496,32.36,2.94,93.22,14.81,74444.0
07857,Morris County,48.8,Below Average,84.45891846172893,469427.87841809704,254489.12003433044,6.588461451482064,36.35,13.79,52.26,36.57,71250.0
08071,Gloucester County,48.8,Below Average,90.71734010494227,426183.36617788905,223463.3546920178,5.731892004060214,33.23,4.88,76.77,28.32,74353.0
08648,Mercer County,48.8,Below Average,53.14483059056905,673562.7225347863,439820.73696992657,7.915885797799816,51.53,6.15,68.04,26.96,85090.0
07470,Passaic County,48.7,Below Average,68.86395419628323,720437.9706658112,426638.10290051135,5.642527965741003,56.51,3.37,78.09,25.28,127680.0
07446,Bergen County,48.6,Below Average,60.029101290049994,840144.3541929657,524994.7337204741,6.117659917957094,66.74,2.38,88.28,22.96,137331.0
07656,Bergen County,48.6,Below Average,54.91820725436203,817635.283435191,527785.1441262201,7.506957439474013,50.13,3.18,78.13,19.28,108917.0
07934,Somerset County,48.5,Below Average,50.034552112475914,980602.3142412268,653584.3247001542,6.596231118055353,63.72,1.94,80.04,18.42,148661.0
08857,Middlesex County,48.5,Below Average,72.16624353336798,777904.3314677897,451833.2487849293,7.623598148431381,38.36,6.57,66.5,19.36,102039.0
08223,Cape May County,48.5,Below Average,70.75014948849426,634093.9165217249,371357.75190899754,7.852556241755107,47.72,5.04,87.85,14.1,80750.0
07828,Morris County,48.4,Below Average,76.48511027454067,543397.6787173934,307900.01370205265,6.852343333846905,37.87,7.28,47.89,17.78,79301.0
07746,Monmouth County,48.3,Below Average,78.39135248914559,845046.9734313391,473704.0005808336,5.068507862836042,66.7,2.58,96.63,4.08,166725.0
08007,Camden County,48.1,Below Average,95.00625521377528,336393.76319189905,172504.08856019925,5.7874195817961125,23.8,6.17,63.99,36.47,58125.0
08731,Ocean County,48.1,Below Average,78.98307828684268,676535.6738717121,377988.6234761698,10.374722801283731,24.43,6.28,90.67,33.48,65210.0
08514,Monmouth County,48.1,Below Average,74.55900054899764,1028753.571440959,589344.3295421448,11.482009123530464,31.67,5.02,89.07,4.95,89597.0
07456,Passaic County,48.0,Below Average,87.8496004509183,584844.6169999187,311336.6307918914,4.77872792417305,44.57,1.7,95.28,28.5,122385.0
07931,Somerset County,48.0,Below Average,33.33395986615067,1387253.9775014634,1040435.5941232672,7.025600396549443,67.93,2.36,79.13,8.3,197457.0
07442,Passaic County,48.0,Below Average,103.73747425451423,543561.250982734,266794.9295885071,5.526917181668504,39.3,7.17,72.27,8.81,98348.0
08055,Burlington County,47.9,Below Average,69.99177605249787,793454.7840953121,466760.6883819325,5.191102225695373,62.21,2.28,87.8,22.57,152849.0
07430,Bergen County,47.7,Below Average,51.939988992141686,694125.032912148,456841.57114691386,6.845076997309285,59.07,4.38,78.87,32.54,101405.0
07444,Morris County,47.6,Below Average,78.27316397229379,686554.8059750708,385113.9401339011,6.157276539421099,51.29,6.98,81.7,22.76,111503.0
07407,Bergen County,47.6,Below Average,75.53314509996115,603513.7880421364,343817.5665903168,7.748581766432606,28.58,7.93,55.99,25.43,77887.0
07435,Morris County,47.6,Below Average,75.53904538551063,604860.5540487234,344573.2274095242,6.554693419399034,44.42,5.24,84.39,26.98,92279.0
08611,Mercer County,47.4,Below Average,124.97343706897188,247608.00467197876,110060.99559925718,6.768944906287008,10.23,26.51,33.37,31.85,36580.0
08559,Hunterdon County,47.3,Below Average,27.57523506535806,909217.73921005,712691.4081281126,7.893748495511885,49.59,2.94,80.08,27.96,115182.0
07801,Morris County,47.3,Below Average,84.45180720256309,491303.92902286025,266358.9674040522,7.79946547216885,18.4,7.56,49.57,19.97,62992.0
07640,Bergen County,47.2,Below Average,64.1464583508794,942309.1017246963,574066.0573439951,6.912833711566002,61.13,4.28,88.89,14.77,136313.0
08902,Middlesex County,47.2,Below Average,62.12628568210478,701806.2902103188,432876.3144468824,7.167578591522344,50.43,8.22,55.76,22.57,97914.0
07302,Hudson County,47.0,Below Average,51.355654097848294,908891.3341105394,600500.4170659921,6.304215340777262,77.46,6.8,25.72,12.52,144172.0
08002,Camden County,47.0,Below Average,107.67595870778281,418358.8198368268,201447.8818058532,4.467211453554439,42.03,9.44,66.48,21.06,93651.0
07730,Monmouth County,46.9,Below Average,98.62627280594471,593187.5532726859,298645.0608435987,5.866290405987914,35.28,5.2,87.24,15.69,101118.0
08887,Hunterdon County,46.8,Below Average,69.28574432925387,456804.4499215216,269842.24320333527,5.5241673913017175,47.28,1.43,76.47,7.03,82692.0
07718,Monmouth County,46.7,Below Average,102.27171889895253,601214.3376593315,297231.04195286735,3.932126892826142,43.71,2.64,92.52,6.7,152898.0
07310,Hudson County,46.6,Below Average,27.12330093950846,1158282.973573749,911149.2267848812,7.851914189469271,87.98,16.45,14.6,18.19,147516.0
08562,Burlington County,46.6,Below Average,68.24016861313595,690128.9899734007,410204.6471198772,10.7056495093913,28.48,8.75,60.04,23.07,64464.0
08757,Ocean County,46.6,Below Average,93.93045493886342,432014.35795702896,222767.67106704385,11.440452252450319,13.35,9.33,90.31,34.32,37762.0
07631,Bergen County,46.4,Below Average,68.6201825439208,602033.2450591294,357035.1045624783,6.961129040401566,45.54,10.11,53.14,27.17,86485.0
07648,Bergen County,46.4,Below Average,50.723414893669826,872009.044326261,578549.1557110973,6.62807205921316,53.2,2.5,83.55,30.0,131563.0
07974,Union County,46.4,Below Average,60.37650630623186,943681.8459349988,588416.512910613,6.812652747529211,58.72,5.25,80.27,18.07,138519.0
08822,Hunterdon County,46.4,Below Average,53.13744460226882,848058.0771248321,553788.8393837464,7.312043154696305,53.29,6.33,78.38,35.6,115981.0
07850,Morris County,46.3,Below Average,94.1483746947443,503640.7105430958,259410.2120787569,5.575934530613079,34.23,5.87,85.71,32.39,90324.0
07927,Morris County,46.3,Below Average,50.007667929030795,722609.3599084589,481714.94823206513,5.601622945026813,58.69,1.67,58.31,5.02,129000.0
07920,Somerset County,46.2,Below Average,25.3362630159452,892665.8983037141,712216.7813397705,7.093826921364258,71.16,3.59,86.91,24.35,125837.0
07675,Bergen County,46.2,Below Average,52.87572831184257,875193.4331949457,572486.8446151818,6.63326840378161,57.35,4.32,75.42,24.37,131940.0
08502,Somerset County,46.2,Below Average,53.912605994897646,1236386.4689018703,803304.2263886154,5.533316933557716,76.91,2.31,82.0,12.35,223444.0
08525,Mercer County,46.2,Below Average,43.768287482773424,905777.2033035328,630025.7304046031,6.0273440111229375,63.4,1.78,83.56,30.91,150278.0
07663,Bergen County,46.1,Below Average,79.77507546973968,648264.3740225816,360597.47010463616,5.260263668856859,35.0,4.93,67.13,27.79,123238.0
08505,Burlington County,46.0,Below Average,68.04421720968882,608932.2123193705,362364.2767543337,6.357878929161486,42.43,3.07,73.61,7.32,95776.0
08901,Middlesex County,45.9,Below Average,69.75231683650928,575564.6309646246,339061.42884574505,14.989052604615344,20.48,34.86,20.96,39.35,38399.0
08826,Hunterdon County,45.9,Below Average,50.33296977877784,751068.0408997582,499603.0092434087,8.131874285680734,40.68,2.91,76.75,15.24,92361.0
08210,Cape May County,45.8,Below Average,74.85576264163959,610933.1940676413,349392.65646035713,8.526037179089265,28.17,8.27,81.48,33.59,71655.0
08054,Burlington County,45.8,Below Average,68.37592694791283,594579.0475793238,353125.92385208193,5.186986256351567,56.31,4.2,76.21,26.26,114629.0
08853,Somerset County,45.7,Below Average,49.97648032606236,1045671.3419862963,697223.5511280921,8.021904857511172,52.56,6.01,78.85,24.35,130352.0
07642,Bergen County,45.7,Below Average,66.19223608638097,812228.4520984826,488728.2770997283,7.118753798070787,52.46,6.38,86.76,25.49,114097.0
07463,Bergen County,45.6,Below Average,65.3166862943906,715085.2161971005,432554.7724345864,6.610142505057317,47.15,3.06,87.69,20.43,108180.0
08034,Camden County,45.6,Below Average,95.244252720515,436172.62015613104,223398.44276005204,3.920864227788744,53.45,8.04,77.33,17.2,111244.0
07843,Sussex County,45.4,Below Average,131.81484370452628,435406.3847922585,187825.066692982,4.457933703207315,27.71,4.44,85.4,17.16,97670.0
07418,Sussex County,45.3,Below Average,88.48091458359491,445093.2824291072,236147.6669467771,2.222177589313352,48.99,0.99,99.32,0.0,200296.0
08201,Atlantic County,45.3,Below Average,79.16842355088237,421941.19305808353,235499.75196285392,6.798594864219963,29.07,7.88,65.97,23.29,62063.0
08830,Middlesex County,45.3,Below Average,62.865408988635785,629179.4611333905,386318.657252316,6.593099246918061,44.68,6.07,71.39,33.48,95430.0
08690,Mercer County,45.2,Below Average,68.24695063451323,609650.4230938596,362354.51566561667,5.797470692613587,44.64,2.95,83.33,26.79,105158.0
07512,Passaic County,45.1,Below Average,76.442089486344,644284.8019920118,365153.69086120307,7.280876957758073,34.13,7.72,79.96,23.53,88490.0
08721,Ocean County,45.1,Below Average,91.38314866584305,700108.5708457008,365815.1596555126,6.708526852422848,27.69,7.82,85.05,34.66,104361.0
08824,Middlesex County,45.1,Below Average,61.94550148614013,890864.1136523617,550101.1793949738,6.0558097305559935,64.77,3.24,90.55,15.93,147109.0
07676,Bergen County,45.1,Below Average,56.17363358388317,794400.5669688289,508664.97035310674,6.978526524960064,54.02,1.95,91.87,10.27,113835.0
07960,Morris County,45.0,Below Average,51.69111916771685,861145.3734886012,567696.6312948606,6.320333016430101,65.64,6.49,62.64,20.57,136250.0
08759,Ocean County,44.9,Below Average,76.9448492422674,449113.91194699635,253815.7589046763,12.144778581584541,18.7,7.67,86.6,25.22,36980.0
08021,Camden County,44.9,Below Average,113.45242428670082,280950.0164280054,131621.84377472542,5.222216331679128,23.49,10.36,52.99,26.94,53799.0
08062,Gloucester County,44.9,Below Average,71.6016052183036,773049.6025412298,450490.8922954374,6.3143202742937055,45.81,3.93,89.45,22.32,122428.0
08045,Camden County,44.9,Below Average,115.8554941825241,296043.13474716066,137148.76050216777,4.636540873095703,27.9,14.69,62.8,51.43,63850.0
08833,Hunterdon County,44.8,Below Average,45.84422032991821,1044896.25007996,716446.8003711574,7.822484952985267,55.53,3.43,86.06,12.68,133576.0
08029,Camden County,44.7,Below Average,107.56828724123322,320526.9584848424,154420.0044934273,5.120238953431987,17.62,4.8,81.17,32.77,62600.0
08312,Gloucester County,44.6,Below Average,97.79773252273985,419740.4278006542,212206.8956237396,6.664662238816358,17.48,11.1,74.54,43.98,62980.0
07871,Sussex County,44.6,Below Average,75.58377089281018,592144.6669444162,337243.3932438476,4.299720927295949,56.33,2.23,90.12,15.92,137717.0
07856,Morris County,44.6,Below Average,58.819023040732475,493028.9817875774,310434.46329545154,5.384587462048834,42.5,0.95,73.05,26.92,91563.0
07074,Bergen County,44.5,Below Average,72.34051303178921,640609.4586935281,371711.4724936231,10.098197589670672,18.6,6.64,80.65,29.59,63438.0
08827,Hunterdon County,44.5,Below Average,58.65658519253767,797680.516233185,502771.7666210702,7.135335094622963,44.18,4.13,89.94,33.12,111793.0
08005,Ocean County,44.4,Below Average,101.54217004563057,486922.9791465101,241598.55926740656,5.2613020178340975,33.51,7.45,89.25,37.05,92548.0
08872,Middlesex County,44.3,Below Average,53.225690063865095,671912.5785370199,438511.70013133175,9.066422595291053,30.37,5.44,66.24,22.52,74110.0
08854,Middlesex County,44.3,Below Average,65.67517032706827,724230.2014438562,437138.6490891269,5.876774655489112,49.48,5.26,65.79,13.78,123236.0
07419,Sussex County,44.2,Below Average,91.1584991417449,388664.57769002585,203320.5844548033,4.393229014570368,36.23,6.19,77.78,33.08,88469.0
07480,Passaic County,44.1,Below Average,89.21187836635532,477839.0651137424,252541.79031431745,4.189512740353356,39.77,3.23,89.85,24.75,114056.0
08049,Camden County,44.1,Below Average,110.91554542420468,311424.45580315986,147653.62845910966,4.1911077948370234,26.07,6.34,72.3,25.44,74306.0
08061,Gloucester County,43.9,Below Average,76.17611018284299,577278.9497345249,327671.5265965405,4.001711861626564,52.68,1.86,88.1,0.0,144258.0
08904,Middlesex County,43.9,Below Average,40.442608705372145,716996.5949548125,510526.400473638,7.0299986759107425,70.21,9.25,38.86,12.22,101991.0
07420,Passaic County,43.9,Below Average,110.15199973474645,484255.3465110218,230430.99619430135,4.529348982939922,33.42,9.24,69.67,21.86,106915.0
08022,Burlington County,43.9,Below Average,82.004446699281,517900.5263293976,284553.77641685033,4.964394489512356,41.98,2.06,94.71,16.83,104323.0
08028,Gloucester County,43.8,Below Average,96.72111278408038,357819.6886566653,181891.858780509,5.614443115807841,30.14,19.13,68.4,36.96,63732.0
08106,Camden County,43.6,Below Average,77.25385919423093,447893.0451905712,252684.50979099967,6.412763375387596,28.93,5.87,67.68,13.86,69844.0
08863,Middlesex County,43.5,Below Average,73.33881285210957,591087.5029468002,341001.24099217664,6.766343887116089,32.8,6.29,71.95,20.29,87357.0
07821,Sussex County,43.5,Below Average,89.39880197743173,508264.8604136416,268356.9563836022,4.817402426531587,35.28,2.67,91.95,19.92,105506.0
07852,Morris County,43.4,Below Average,59.30590579325036,515247.506924514,323432.77191067237,6.283506182006269,44.92,3.89,86.05,36.87,82000.0
08859,Middlesex County,43.4,Below Average,57.43229619370997,630100.5533473828,400235.8909712439,6.990243547230784,39.92,4.45,63.2,10.37,90140.0
08889,Hunterdon County,43.2,Below Average,41.50850188491278,891560.4541812455,630040.2041612604,6.634276039953608,55.87,2.9,91.69,38.59,134387.0
08551,Hunterdon County,43.2,Below Average,46.53196177709792,954137.2036469524,651146.1336321769,6.905380961888013,52.55,1.32,92.85,20.31,138173.0
08036,Burlington County,43.2,Below Average,74.87828980723255,506106.0548996898,289404.7371217822,5.689013903685729,30.37,2.03,92.86,37.01,88962.0
08733,Ocean County,43.1,Below Average,86.36270386342343,446885.97046561766,239793.6718030876,7.177507475918179,14.22,10.94,67.47,37.89,62262.0
07866,Morris County,43.0,Below Average,70.5230143775347,552533.4456083649,324022.79986973864,5.581766111470617,39.14,3.09,84.89,27.63,98989.0
07758,Monmouth County,43.0,Below Average,102.9197305016762,595987.1522231213,293705.8662307844,6.416812758784238,28.02,7.65,87.77,5.08,92879.0
07460,Sussex County,43.0,Below Average,93.89146723175999,427379.08143578185,220421.8099628553,4.157869415065784,33.59,1.71,95.45,19.3,102788.0
08810,Middlesex County,42.9,Below Average,44.798863757152596,799858.6357575548,552392.8952225941,5.875697023121684,71.0,1.83,87.8,10.23,136130.0
07882,Warren County,42.9,Below Average,83.73013213686005,403327.65173773264,219521.77742804596,4.793815317498456,29.46,5.17,71.9,30.91,84135.0
07847,Morris County,42.9,Below Average,88.6411956741698,491669.21005749406,260637.242199593,5.989903025687341,35.85,10.03,83.73,30.12,82083.0
07438,Morris County,42.8,Below Average,81.62113315084194,515203.9437844522,283669.6010241052,4.634420960739525,43.08,4.2,92.98,34.42,111169.0
08046,Burlington County,42.8,Below Average,159.92216329206695,347500.53878223535,133694.07763498765,4.362679858664901,23.07,9.15,77.74,26.32,79653.0
08012,Camden County,42.8,Below Average,99.30569010825016,357240.64429024816,179242.57159753834,4.97099623307936,26.62,8.19,66.87,24.08,71865.0
07826,Sussex County,42.7,Below Average,87.15788134122128,442155.83414346864,236247.50984295545,5.033936746666689,28.58,4.08,85.16,32.87,87835.0
08205,Atlantic County,42.7,Below Average,76.83483227036771,440975.5680567639,249371.4402276493,6.795321109143587,30.4,8.23,77.93,26.28,64894.0
07980,Morris County,42.6,Below Average,56.508182012558315,727289.7158905362,464697.56822820805,5.183338079084163,62.09,3.36,75.0,2.64,140313.0
07461,Sussex County,42.6,Below Average,93.03482216800982,437330.3121430166,226555.14027535493,5.138050567966265,27.6,5.83,82.94,34.97,85116.0
08088,Burlington County,42.6,Below Average,71.33058082416454,634158.2597250005,370137.2263342952,8.036475221454827,30.16,5.71,92.71,25.33,78910.0
08867,Hunterdon County,42.6,Below Average,42.94132326936953,952745.1019964596,666528.8107071978,6.888973984066953,56.91,1.77,89.0,0.0,138300.0
08230,Cape May County,42.5,Below Average,61.062467224151696,600341.3964467385,372738.2342971559,6.289985713577999,47.05,3.94,93.34,53.44,95444.0
07436,Bergen County,42.4,Below Average,60.087572212331274,731695.9947553849,457059.8358409133,5.79244606714259,50.36,2.57,90.54,23.19,126319.0
07945,Morris County,42.4,Below Average,49.8795623919092,1063355.7994254644,709473.5149045688,5.941066237347832,71.77,3.36,90.66,20.68,178984.0
07405,Morris County,42.4,Below Average,57.84880057209977,656184.383336902,415704.3835358002,5.623216530155469,50.98,3.34,76.45,16.39,116692.0
08620,Mercer County,42.4,Below Average,66.72439905909438,593660.6799084438,356073.0662451059,6.712732987046788,25.3,2.97,80.29,30.72,88438.0
08086,Gloucester County,42.4,Below Average,71.38499454048,483630.1237723671,282189.3043023302,6.152350542207216,30.84,3.48,75.13,13.37,78609.0
07827,Sussex County,42.3,Below Average,130.47822627133553,315086.50873360777,136709.88094236082,4.166433173336962,26.51,5.99,81.71,5.25,75625.0
08080,Gloucester County,42.3,Below Average,76.00801864061589,556409.094108976,316127.12784699124,5.389106648221992,39.89,3.53,88.67,22.4,103247.0
07834,Morris County,42.3,Below Average,63.29206737085683,645570.683037198,395347.24094773433,3.9692253205602297,61.65,2.89,85.81,24.76,162644.0
08242,Cape May County,42.0,Below Average,79.46269434169643,508524.5419233521,283359.4713311965,9.64246922377322,18.43,9.77,81.24,14.88,52738.0
08052,Burlington County,41.9,Below Average,89.88284172510785,326138.45612762007,171757.7286945013,5.577686005739842,25.31,9.54,47.64,23.55,58472.0
08078,Camden County,41.9,Below Average,88.40978674466513,356503.7863666863,189217.2336301319,5.796244047193547,26.8,9.16,68.13,28.33,61506.0
08085,Gloucester County,41.9,Below Average,69.73964858944126,613869.9320108186,361653.825203574,4.835296732811514,47.31,3.97,84.57,30.52,126956.0
08884,Middlesex County,41.9,Below Average,68.55731062405438,650097.6442815283,385683.4461078276,8.11871074607898,25.17,6.41,77.36,23.42,80074.0
07830,Hunterdon County,41.7,Below Average,56.29452455687771,739059.6387918951,472863.4230068253,5.8306152719174404,56.61,1.82,93.27,15.43,126755.0
07416,Sussex County,41.6,Below Average,104.93283915902012,367218.5592898163,179189.70956376035,4.5751340487617895,20.54,5.57,66.68,12.22,80264.0
07422,Sussex County,41.6,Below Average,109.09206473895046,388340.46493103495,185727.0219297296,4.6076322931472316,25.55,5.37,90.73,29.95,84282.0
08801,Hunterdon County,41.5,Below Average,51.307420816662585,837550.4293048925,553542.2022160714,6.5881415032242,58.6,5.12,84.56,20.45,127130.0
08825,Hunterdon County,41.4,Below Average,39.854785249627895,747326.3535545926,534358.8009667913,7.321130444900885,40.37,3.48,81.76,27.85,102078.0
07462,Sussex County,41.4,Below Average,115.96878171261906,303554.11152880755,140554.62512759588,3.0623365601897357,29.36,7.07,82.31,18.86,99125.0
08879,Middlesex County,41.3,Below Average,51.371250645514046,600961.2749857842,397011.5014727164,8.592771811973236,25.48,4.44,65.61,17.15,69938.0
08110,Camden County,41.3,Below Average,113.11135168268491,335500.32653058553,157429.58968705402,5.837021582702696,14.08,17.11,77.5,38.66,57478.0
07865,Hunterdon County,41.3,Below Average,66.90269531766651,486295.1600107299,291364.4738242019,4.687182265163662,51.02,1.3,85.97,0.0,103750.0
08346,Atlantic County,41.3,Below Average,75.64989625291642,394784.8510937381,224756.6662523339,10.648563712945409,6.25,9.22,86.53,46.15,37074.0
08560,Mercer County,41.2,Below Average,53.425797086082994,942322.725152018,614187.9286592897,8.327642592103096,47.19,5.15,92.11,0.0,113156.0
08081,Camden County,41.2,Below Average,93.66732649950336,479484.0728683782,247581.29393065575,5.523628238467136,30.58,8.46,81.55,25.0,86806.0
08609,Mercer County,41.1,Below Average,144.37933699198712,276193.29754394054,113018.26944272156,4.85128394477518,9.87,21.48,30.74,27.49,56932.0
07840,Warren County,41.1,Below Average,70.9516606668478,478990.7880835112,280190.7780334307,4.910510006597137,46.64,5.46,69.83,18.47,97544.0
07950,Morris County,40.9,Below Average,48.77558572781223,700119.3165213118,470587.5047282243,6.080750032754994,60.1,3.9,83.07,17.86,115137.0
07936,Morris County,40.9,Below Average,52.36666901632092,840173.1826213474,551415.3377805689,8.22368896022461,38.61,6.37,90.56,42.28,102165.0
08094,Gloucester County,40.9,Below Average,89.54284588103063,498316.78547456785,262904.5602635637,6.04606631247959,25.57,6.36,85.44,21.42,82420.0
07874,Sussex County,40.9,Below Average,96.41173305630093,428850.82342314423,218342.772475927,4.714304188540412,34.03,4.34,92.86,14.16,90968.0
07981,Morris County,40.8,Below Average,43.547274863485804,731694.7305085547,509723.8740368984,6.355212932074685,48.66,1.96,87.94,23.5,115133.0
08004,Camden County,40.7,Below Average,110.39032355408051,345046.62256553303,164003.0856632241,4.869481965107227,23.33,7.19,84.88,28.24,70859.0
08225,Atlantic County,40.6,Below Average,72.50507367350986,503849.32386906614,292077.9737891489,7.6910644604580325,31.69,8.0,89.77,23.93,65511.0
08091,Camden County,40.4,Below Average,81.50782293185502,502739.95311264787,276979.77144566143,6.616305232778152,22.38,7.38,71.86,17.01,75985.0
08835,Somerset County,40.3,Below Average,74.5031871801639,529626.3199917459,303505.2416807373,7.895443052947911,15.73,8.98,65.14,20.97,67080.0
07838,Warren County,40.3,Below Average,69.3886333859942,461665.2183081065,272547.9325735436,5.693244768875403,36.34,3.27,83.81,16.67,81090.0
07849,Morris County,40.3,Below Average,75.22698390466725,507193.9275781606,289449.6705222644,5.815643805647854,37.4,4.53,87.03,15.52,87212.0
08804,Hunterdon County,40.2,Below Average,58.377531691733466,673931.2320438215,425521.9947205412,7.987333120519366,41.11,4.45,93.59,0.0,84375.0
08319,Atlantic County,40.1,Below Average,80.2210226997084,480491.97489367466,266612.61139012064,6.988974180271631,23.54,7.14,97.82,70.0,68750.0
07930,Morris County,39.9,Low,45.3684396202557,883786.7651736521,607963.3017196567,5.9527889562165885,69.71,3.12,91.81,6.45,148466.0
07946,Morris County,39.8,Low,53.04126160645318,852934.8160586421,557323.4349387231,5.070534058155933,62.68,0.5,91.98,7.87,168214.0
08030,Camden County,39.8,Low,131.11187220396218,231649.70517727,100232.71542399742,4.207758072716655,19.32,12.75,68.2,25.92,55053.0
07647,Bergen County,39.7,Low,58.79860645640075,736748.1714272924,463951.28261378774,6.724179464868915,50.54,6.55,86.3,18.7,109567.0
08109,Camden County,39.6,Low,92.48055002120643,392548.37795201346,203941.84134904263,5.595603580060916,24.89,9.03,72.67,22.59,70153.0
08515,Burlington County,39.6,Low,58.96511245056855,829875.72412844,522048.9649176931,5.533722246417145,54.91,2.17,93.13,0.0,149967.0
08882,Middlesex County,39.4,Low,71.9530344085004,640887.5656893152,372710.8206574535,6.2922797137965025,31.14,11.3,65.69,33.28,101853.0
07465,Passaic County,39.4,Low,71.22118003614543,516315.3957882643,301548.7895126457,5.569925626376952,28.96,2.41,84.55,19.59,92697.0
08009,Camden County,39.4,Low,89.03101949928126,385344.74509122176,203852.6513330723,5.092504791806707,27.67,7.03,84.21,33.14,75669.0
08031,Camden County,39.3,Low,99.65865663164678,305492.5237365973,153007.40217851158,5.6826303267657,14.24,10.74,70.18,25.49,53759.0
08619,Mercer County,39.3,Low,64.72534901982677,538755.5863035083,327062.95024371886,5.997835639337693,40.88,6.15,70.48,14.81,89825.0
08010,Burlington County,39.3,Low,105.14007336225777,326104.81782921415,158966.9012418379,5.088629442603014,21.13,11.54,59.45,16.16,64085.0
07924,Somerset County,39.2,Low,43.15472820459305,976142.2662566868,681879.1656406971,4.4578609325284475,68.36,2.62,88.71,30.98,218971.0
08102,Camden County,39.2,Low,64.04904451588558,201031.2006406396,122543.35356471576,11.31168133246903,7.85,47.69,25.71,35.96,17772.0
08518,Burlington County,39.2,Low,66.9001585714582,495476.873567336,296870.22337680875,6.999348395475795,22.94,4.0,78.53,18.92,70789.0
07878,Morris County,39.1,Low,54.97039201888529,531221.2764624277,342788.88343890297,5.072293291916621,58.42,0.0,92.14,0.0,104730.0
08722,Ocean County,38.9,Low,92.08792363011267,522848.95481034793,272192.5173271973,5.123810107605107,28.29,5.07,90.11,18.11,102043.0
07421,Passaic County,38.9,Low,96.20809444560382,466453.91765972413,237734.28867841256,5.322993468671963,22.71,5.29,88.39,18.37,87630.0
08083,Camden County,38.8,Low,83.85496924339112,412846.9461156779,224550.3332407308,5.396409940861627,29.63,7.69,74.44,17.73,76504.0
07876,Morris County,38.8,Low,76.62778164471055,635039.8616812336,359535.6606802807,3.8765908999306142,48.83,3.8,93.76,11.76,163814.0
07860,Sussex County,38.8,Low,82.53319987424142,431826.6215775881,236574.2899785357,4.157135638430321,38.03,8.46,79.95,34.99,103876.0
08401,Atlantic County,38.7,Low,56.686552474519836,348707.7984354459,222551.19723318456,11.810194351942217,18.15,35.17,28.23,30.7,29526.0
07922,Union County,38.7,Low,45.32069781225705,889052.8410038268,611786.7959541547,4.966609169546422,72.99,2.22,95.95,18.97,179006.0
08096,Gloucester County,38.7,Low,74.63667328013577,424573.478510848,243118.16672651973,6.172471883562521,27.98,9.11,70.74,30.11,68785.0
07457,Morris County,38.5,Low,68.68806366889876,472823.87520627334,280294.8026804866,4.581005243535502,44.1,7.57,70.06,35.26,103214.0
08330,Atlantic County,38.4,Low,72.4965144570256,432157.2466224057,250531.0023119742,6.947083875165267,26.46,10.88,73.5,28.74,62207.0
07836,Morris County,38.4,Low,67.53733587006624,635710.3425936619,379443.98440637,4.806447374103385,43.36,6.62,67.18,26.59,132262.0
08048,Burlington County,38.4,Low,73.35877163907053,483391.6016309457,278838.84793401585,4.43787963746232,41.13,6.43,75.32,26.04,108924.0
08060,Burlington County,38.4,Low,71.97090311840942,501876.8325308921,291838.2257871427,5.478047857698351,35.52,6.92,74.63,25.02,91616.0
08084,Camden County,38.3,Low,88.49225032809916,371481.009968026,197080.25625531413,5.393945258719704,25.65,9.8,75.88,28.91,68870.0
08809,Hunterdon County,38.3,Low,53.820355046696235,727311.7576541087,472831.9327005285,5.960399246493384,51.21,6.75,75.54,21.19,122024.0
08077,Burlington County,38.2,Low,68.29704972508003,566435.792605318,336569.0566356413,6.036444356167334,42.32,5.87,86.25,17.2,93836.0
07803,Morris County,38.2,Low,78.58272033479831,487341.9238665344,272894.2212062226,5.298404242996058,32.47,3.06,93.95,0.0,91979.0
08869,Somerset County,38.1,Low,47.61260541563732,667201.1468665898,451994.6958377512,6.676818778186192,37.36,5.31,56.93,16.09,99928.0
08075,Burlington County,38.1,Low,72.43512263590699,482934.8657553552,280067.57461765007,6.349059551895183,26.36,6.23,77.33,20.31,76064.0
08629,Mercer County,38.1,Low,110.8853797889192,315936.014555448,149814.09089225475,5.595551247838334,12.24,15.34,70.62,20.77,56462.0
08850,Middlesex County,37.9,Low,56.59580172260823,717867.6953084372,458420.7797473771,6.65697019861863,38.81,6.49,86.3,38.1,107837.0
07630,Bergen County,37.7,Low,57.81891072764004,758893.1695091474,480863.26664541895,6.129597194923974,40.82,4.54,83.18,21.8,123808.0
08097,Gloucester County,37.7,Low,90.99610530419983,404541.2746028576,211806.03340499743,4.956459581750053,24.07,5.26,89.26,26.83,81619.0
08232,Atlantic County,37.2,Low,75.67694724430478,291979.2087256177,166202.34658311622,7.216312219807164,10.1,22.9,62.56,37.46,40461.0
08829,Hunterdon County,37.2,Low,62.86866612164407,555184.3633265131,340878.55972974846,5.744039184374294,45.92,13.97,76.59,51.22,96654.0
07822,Sussex County,37.1,Low,69.85151940600775,531798.9704724388,313096.3869691641,4.793659255371819,35.59,2.1,85.53,0.0,110938.0
08059,Camden County,37.1,Low,94.06323166499692,359012.5277238742,184997.706491677,5.360876341648736,20.97,10.51,79.93,32.56,66969.0
08610,Mercer County,37.0,Low,85.02017132959624,430737.5390653958,232805.71840898195,4.941974312066405,24.86,8.76,67.75,26.94,87159.0
07933,Morris County,36.9,Low,45.36027577974238,740424.0046772618,509371.6290131367,6.642718767290442,62.85,7.25,87.03,14.84,111464.0
08848,Hunterdon County,36.7,Low,54.51480165241236,698409.459530427,452001.65425026976,6.136464723102168,43.94,3.08,91.98,15.89,113813.0
08802,Hunterdon County,36.7,Low,48.15664885055098,790763.8860111595,533734.9974814976,6.301208711262367,47.91,2.64,91.42,0.0,125494.0
08089,Camden County,36.6,Low,78.05204563817206,404355.89394960454,227099.8305581477,6.491714197752449,15.47,9.47,79.48,35.87,62288.0
08332,Cumberland County,36.6,Low,76.84699565332888,343003.66963374655,193955.0447925803,6.69785143101573,14.63,17.17,67.05,32.89,51211.0
08360,Cumberland County,36.6,Low,73.13559136437114,353924.5199210206,204420.42975217703,7.1216475827720105,12.99,15.8,58.76,30.75,49697.0
07921,Somerset County,36.5,Low,12.275190539794167,500744.2548231515,445997.24339427473,4.254230957250342,65.52,4.51,79.25,29.71,117705.0
07853,Morris County,36.5,Low,56.1812661222106,706241.3816280937,452193.402680873,4.831280273278289,58.01,2.49,94.91,9.25,146181.0
08846,Middlesex County,36.5,Low,49.79966437497253,617744.0523139371,412380.1310846898,8.439587577380419,25.28,7.54,72.18,26.77,73196.0
08361,Cumberland County,36.3,Low,74.8040143732726,439038.3756458292,251160.3507619204,6.219114323193274,27.31,10.04,81.15,34.55,70595.0
08234,Atlantic County,36.2,Low,80.3479476539916,514046.89323017234,285030.63102021115,5.321176071696538,34.85,10.03,83.85,22.93,96604.0
07885,Morris County,36.0,Low,76.5635843534714,488724.26602178015,276797.8843493451,4.843505802818352,38.39,13.35,62.3,15.71,100903.0
08880,Somerset County,36.0,Low,64.77910923195716,506504.0662549736,307383.665693917,6.211344242503815,21.52,4.39,64.67,11.35,81545.0
08016,Burlington County,35.9,Low,83.70325202743751,387523.68311088503,210950.9106855688,4.36936874215969,33.05,10.78,73.75,25.91,88691.0
07088,Union County,35.8,Low,42.089908955856146,469657.1838247408,330535.21342648746,9.337306583127713,22.56,9.28,63.96,30.86,50299.0
08056,Gloucester County,35.8,Low,67.6295384115149,730945.4444063386,436048.1161810132,4.955562334958228,51.02,3.99,96.77,0.0,147500.0
08067,Salem County,35.5,Low,61.259814057270354,506599.6248424917,314151.18999366835,7.79384038219218,21.24,6.16,80.63,15.44,65000.0
08093,Gloucester County,35.1,Low,76.8806770075927,344535.22441264003,194783.98106642856,5.945387824204315,18.32,17.9,62.18,34.2,57950.0
08065,Burlington County,34.6,Low,75.96491773202881,359878.02976564487,204516.91985199647,4.2331619470398385,29.68,8.85,69.6,29.76,85014.0
08015,Burlington County,34.5,Low,101.30292570769564,321566.1553248653,159742.41516578817,4.869337139037013,13.75,11.76,78.8,27.8,66039.0
08066,Gloucester County,34.3,Low,68.27299250666107,295956.10624346853,175878.55414870163,6.991970001971946,15.26,26.04,55.55,36.34,42328.0
08865,Warren County,34.3,Low,72.08808928302946,450185.23196006514,261601.6214926156,5.733456003770618,29.27,12.98,69.27,25.42,78519.0
08037,Atlantic County,34.1,Low,82.03202852380599,362868.1714775586,199343.0356296354,4.332133562684255,28.61,10.05,76.87,28.69,83762.0
08812,Middlesex County,34.1,Low,52.19473153844294,838306.8310596221,550811.9910496861,7.013124559201751,41.75,15.3,76.59,21.39,119534.0
08341,Atlantic County,34.0,Low,71.02155061040472,372372.01344514574,217733.9710206622,5.049112046713841,18.04,6.21,45.01,23.32,73750.0
07825,Warren County,33.7,Low,63.15650458972979,490776.5928749346,300801.11982604186,5.56694827385672,32.52,3.24,88.93,12.13,88159.0
08886,Warren County,33.4,Low,69.12438107956682,653923.1374350875,386652.1983766732,4.142686965062322,50.66,4.88,93.51,0.0,157850.0
08328,Gloucester County,33.2,Low,76.27727544965191,373596.93675964186,211937.09501503393,7.352244199622975,6.07,14.33,84.2,26.58,50814.0
08079,Salem County,33.0,Low,56.09884760173458,344415.62602653465,220639.4418139878,7.694203382850449,16.8,22.32,57.56,38.28,44763.0
08098,Salem County,32.9,Low,63.19657030797008,544082.0407149141,333390.6096728447,6.218080465313304,34.14,10.19,77.71,21.88,87500.0
08326,Atlantic County,32.9,Low,67.7944795738119,359269.5064479532,214112.828598698,5.972297134915107,25.98,6.68,74.36,14.29,60156.0
08020,Gloucester County,32.9,Low,81.68411502424347,424579.3378697255,233690.9519101715,5.141804174070839,31.47,8.59,88.18,11.43,82574.0
08051,Gloucester County,32.7,Low,74.72283407603017,307496.50655427977,175991.02497414476,4.913183564284021,27.18,7.98,79.92,29.38,62586.0
07832,Warren County,32.1,Low,74.14889022666196,448602.8006717493,257597.2778740503,5.113622951562794,25.1,4.62,84.36,4.37,87727.0
08019,Burlington County,32.0,Low,95.16247667765359,452234.0111458076,231721.80372190836,5.149966532811857,20.11,12.39,82.62,10.77,87813.0
08344,Gloucester County,31.7,Low,69.22665514662253,428619.87265535194,253281.53669644071,6.205676535860544,24.6,12.17,82.65,38.36,69069.0
08027,Gloucester County,31.5,Low,84.49170440489999,315519.459491532,171020.94671913714,3.4860947042419674,27.71,6.61,85.33,3.81,90508.0
08090,Gloucester County,31.5,Low,75.5756415522587,446782.7167033031,254467.3695925649,4.3152819500970985,33.65,9.26,90.59,48.96,103535.0
08317,Atlantic County,31.1,Low,74.09356382450027,441749.9763855382,253742.853372142,5.17799135402035,17.47,4.87,96.57,37.5,85313.0
08215,Atlantic County,31.0,Low,67.41830780114464,459997.7780002168,274759.5433508926,6.146580320161106,22.88,10.49,72.24,26.48,74838.0
08105,Camden County,30.9,Low,59.777567562145386,210871.6475110408,131978.25622737836,7.051855917835695,7.7,33.16,42.52,37.98,29903.0
08241,Atlantic County,30.5,Low,61.6342560550603,566603.728272731,350546.8098790388,4.344554224316853,34.34,1.73,94.97,0.0,130417.0
08322,Gloucester County,30.4,Low,77.78800567233398,502733.6829339846,282771.4282708871,4.917047454925859,21.65,7.15,89.64,27.98,102243.0
08068,Burlington County,30.4,Low,70.02151739517087,446103.35684834816,262380.5290547412,5.60642650305829,23.73,10.53,61.78,13.01,79570.0
08302,Cumberland County,29.6,Low,59.68283757971686,342316.4784281594,214372.7426294439,6.78109543052157,13.15,21.79,59.25,35.2,50481.0
08063,Gloucester County,29.3,Low,75.21104802146199,321481.0167434844,183482.16072773305,5.1956527958542935,13.08,5.81,82.95,16.67,61875.0
08310,Atlantic County,28.5,Low,48.83118848756792,447222.25216129696,300489.6061813375,10.320592900590704,14.04,8.19,88.01,14.46,43333.0
08103,Camden County,28.3,Low,24.21326687224466,177670.7812895627,143036.87984657867,8.008960570211084,10.9,44.04,44.08,42.09,22184.0
08041,Burlington County,28.1,Low,78.17368064619194,545719.0038885194,306284.8575105657,5.116099673643389,29.99,14.92,87.81,0.0,106667.0
08104,Camden County,27.8,Low,74.94710263242824,164961.5137420914,94292.22391220904,4.511336042829169,8.97,29.74,32.68,36.88,36566.0
08350,Atlantic County,27.2,Low,65.51348265141547,394141.1161992179,238132.33211297376,7.2167191467402345,21.72,23.46,82.67,0.0,54615.0
07848,Sussex County,26.4,Low,64.66184410006719,475606.02036407805,288838.02617626823,4.098567935437842,37.87,7.43,87.97,15.98,116042.0
08554,Burlington County,26.4,Low,71.6199777406636,410141.2608711808,238982.23637515484,4.535204963467471,23.42,7.11,81.47,5.9,90435.0
08318,Salem County,26.3,Low,52.13462251165476,449053.4554303148,295168.4817148796,5.265697949440247,27.79,4.1,89.86,19.74,85279.0
08343,Gloucester County,25.9,Low,55.205942887931336,527072.8567911084,339595.79574326536,6.316940204596327,25.19,7.89,90.3,23.64,83438.0
08069,Salem County,25.6,Low,56.02607837747996,317409.09113856533,203433.35834580497,6.454552853801963,12.24,20.23,54.53,26.49,49176.0
08323,Cumberland County,25.5,Low,46.32097148197035,371144.8096294121,253651.13822740337,5.879521736703557,31.82,10.82,82.46,28.36,63125.0
08340,Atlantic County,25.1,Low,48.77514202314245,509629.9826814144,342550.49314766563,6.791263328288351,16.16,12.21,81.9,64.63,75042.0
08321,Cumberland County,24.1,Low,39.60411247726057,264043.33356918325,189137.21729522257,8.563660155326541,10.62,13.71,92.68,50.0,30833.0
08070,Salem County,23.9,Low,61.00291523369906,322328.93616311153,200200.683133746,4.669065490883052,17.42,8.6,74.06,28.76,69035.0
08270,Cape May County,22.2,Low,55.95089709231428,491427.2185182208,315116.63458230905,5.460302427980231,24.81,11.32,81.83,24.35,90000.0
08311,Cumberland County,21.7,Low,58.36028279424135,346567.11390806426,218847.24363517424,5.742905428738202,14.45,18.01,77.7,26.14,60347.0
07863,Warren County,21.1,Low,64.56478142762533,386074.7253132526,234603.4929004819,4.664540949560852,23.65,8.94,84.78,11.74,82768.0
08001,Salem County,17.2,Low,14.14417976601356,288309.5716756459,252583.68167930897,2.0771732626002053,15.77,0.0,96.72,0.0,138799.0
08014,Gloucester County,16.7,Low,29.50774607339547,289191.0874550299,223300.22429016535,2.681717830959679,15.13,5.16,75.73,0.0,107838.0
08345,Cumberland County,14.5,Low,31.42205366263116,320262.3625549577,243689.9695519077,5.8350465064854005,13.57,22.24,91.17,52.0,54886.0
08349,Cumberland County,9.0,Low,22.021045797511395,257095.21904159605,210697.4394140453,5.224026070662739,4.68,17.19,85.6,14.84,49214.0
